FrameNo,head_x,head_y,left_shoulder_x,left_shoulder_y,left_elbow_x,left_elbow_y,right_shoulder_x,right_shoulder_y,right_elbow_x,right_elbow_y,left_hand_x,left_hand_y,right_hand_x,right_hand_y,left_hip_x,left_hip_y,right_hip_x,right_hip_y,left_knee_x,left_knee_y,right_knee_x,right_knee_y,left_foot_x,left_foot_y,right_foot_x,right_foot_y
0,0.5094572305679321,0.36703789234161377,0.5363532304763794,0.402904212474823,0.5609333515167236,0.45435792207717896,0.4842373728752136,0.4051366448402405,0.47215527296066284,0.44901424646377563,0.5533761978149414,0.49467897415161133,0.47283169627189636,0.49939414858818054,0.5400137305259705,0.4992384910583496,0.4968886971473694,0.5014567375183105,0.5444062948226929,0.5775381326675415,0.4957781732082367,0.585783839225769,0.5503514409065247,0.6595456004142761,0.48827022314071655,0.6564763784408569
1,0.5096600651741028,0.3667939603328705,0.5373801589012146,0.4036085307598114,0.5628145933151245,0.45567840337753296,0.48306524753570557,0.4059867262840271,0.47449636459350586,0.45007655024528503,0.5513085722923279,0.4925571382045746,0.47540026903152466,0.5008847117424011,0.5412063598632812,0.5015217065811157,0.49673908948898315,0.503177285194397,0.5427953004837036,0.5802226662635803,0.4962352514266968,0.5890445709228516,0.5502045154571533,0.6603422164916992,0.48929667472839355,0.656373143196106
2,0.5092793107032776,0.36700496077537537,0.5371564626693726,0.4037013053894043,0.5612480044364929,0.4545910060405731,0.4833178222179413,0.4059746265411377,0.4749162793159485,0.45021212100982666,0.5495344996452332,0.492950975894928,0.47605401277542114,0.5005366802215576,0.5402551889419556,0.500065803527832,0.4967397451400757,0.5017220973968506,0.5418022274971008,0.5787723064422607,0.49562057852745056,0.5870369672775269,0.5489286184310913,0.6586795449256897,0.49054116010665894,0.6591609120368958
3,0.5090302228927612,0.3670431971549988,0.5372536182403564,0.4035721719264984,0.5607731938362122,0.45528775453567505,0.48346254229545593,0.4057232141494751,0.47449618577957153,0.4491853415966034,0.5482981204986572,0.4950169324874878,0.4749526381492615,0.5002573132514954,0.5401419401168823,0.5005151033401489,0.496649831533432,0.5022934675216675,0.5416817665100098,0.5790148973464966,0.4950360059738159,0.5875030755996704,0.548856258392334,0.6588029861450195,0.49040719866752625,0.6595286726951599
4,0.509731650352478,0.3671693801879883,0.5374893546104431,0.4046185612678528,0.5633716583251953,0.4578382968902588,0.48295217752456665,0.40591832995414734,0.4740563631057739,0.4500209093093872,0.5514494180679321,0.49324214458465576,0.48110926151275635,0.49838006496429443,0.5405343174934387,0.5027898550033569,0.4959622323513031,0.5039116144180298,0.542241096496582,0.5800552368164062,0.49650686979293823,0.589054524898529,0.5492702126502991,0.6593900918960571,0.4911249577999115,0.6604040861129761
5,0.5094646215438843,0.3670303225517273,0.5368068218231201,0.40379762649536133,0.5627952814102173,0.45678526163101196,0.4827123284339905,0.4056636095046997,0.4744911789894104,0.4490968585014343,0.5509588718414307,0.4922534227371216,0.48107779026031494,0.4979150891304016,0.5402935743331909,0.5018963813781738,0.49600380659103394,0.5033771395683289,0.5417752265930176,0.5799359679222107,0.4962570369243622,0.58880615234375,0.5490332841873169,0.6596790552139282,0.4910128712654114,0.6605901718139648
6,0.5094740986824036,0.36677366495132446,0.5367283225059509,0.40380024909973145,0.5630601644515991,0.45702823996543884,0.4828231930732727,0.4057299494743347,0.47465503215789795,0.4493267238140106,0.551832914352417,0.4919670522212982,0.481170654296875,0.4979146420955658,0.540359616279602,0.5023576617240906,0.49625253677368164,0.5037479996681213,0.5415476560592651,0.5806424021720886,0.49654263257980347,0.5896738767623901,0.5488008856773376,0.6597843170166016,0.4911751449108124,0.6608240008354187
7,0.5094392895698547,0.36658763885498047,0.5366008281707764,0.40358206629753113,0.5626175999641418,0.4564424157142639,0.4826357960700989,0.40559276938438416,0.47469982504844666,0.4493137001991272,0.5507892966270447,0.49273425340652466,0.4810229241847992,0.49846524000167847,0.5397448539733887,0.501906156539917,0.496155321598053,0.5035097002983093,0.5413287281990051,0.5798765420913696,0.4962761104106903,0.5887221693992615,0.5486320853233337,0.6594756841659546,0.4913369417190552,0.6602360010147095
8,0.5099573135375977,0.3665965795516968,0.5365440249443054,0.40355873107910156,0.5627922415733337,0.4566532075405121,0.4833972454071045,0.4057233929634094,0.47515806555747986,0.44915467500686646,0.5510392785072327,0.4923419654369354,0.48201271891593933,0.49798449873924255,0.5398569703102112,0.5022584795951843,0.49616870284080505,0.5037155151367188,0.5411680936813354,0.5800868272781372,0.4964231252670288,0.5889428853988647,0.5489646792411804,0.659726619720459,0.4913939833641052,0.660690426826477
9,0.509473443031311,0.3668017089366913,0.5359469056129456,0.40324389934539795,0.5623316764831543,0.45608586072921753,0.48307380080223083,0.40589696168899536,0.4747360944747925,0.4489264488220215,0.5515081286430359,0.49210962653160095,0.476165235042572,0.49986502528190613,0.5394771099090576,0.5014265775680542,0.4960622787475586,0.5030341744422913,0.541060745716095,0.579392671585083,0.49639853835105896,0.5882795453071594,0.5487763285636902,0.659254252910614,0.491374671459198,0.6602575778961182
10,0.5095992088317871,0.36684173345565796,0.5360943078994751,0.40348076820373535,0.5624184608459473,0.45631715655326843,0.48320257663726807,0.4060760736465454,0.474851131439209,0.4490339159965515,0.5514271259307861,0.4924003779888153,0.4760563373565674,0.4999220073223114,0.5393801927566528,0.5016485452651978,0.49602681398391724,0.503206729888916,0.54095458984375,0.5793449878692627,0.49642491340637207,0.5882715582847595,0.5487159490585327,0.6591873168945312,0.4914085566997528,0.6601570844650269
11,0.5096353888511658,0.36686551570892334,0.5362159609794617,0.403573602437973,0.5621792078018188,0.4564032554626465,0.48347780108451843,0.4061308801174164,0.4749077260494232,0.44905197620391846,0.5510919094085693,0.4929395318031311,0.4760761260986328,0.5000578165054321,0.5395693182945251,0.5016967058181763,0.4961826205253601,0.5034120082855225,0.5409852266311646,0.5792825818061829,0.496381014585495,0.5883194208145142,0.5488500595092773,0.6590733528137207,0.4914175271987915,0.6600608825683594
12,0.5074753761291504,0.3683391511440277,0.5372609496116638,0.40535563230514526,0.561150074005127,0.4591326415538788,0.48425158858299255,0.40765470266342163,0.47117918729782104,0.45224249362945557,0.5490913987159729,0.49573183059692383,0.47246357798576355,0.5016202926635742,0.5335618853569031,0.50323086977005,0.4957238435745239,0.5070856809616089,0.5439308881759644,0.5861544013023376,0.4928169250488281,0.5835679173469543,0.5496983528137207,0.6605397462844849,0.4878638982772827,0.6598802208900452
13,0.5086872577667236,0.36885637044906616,0.5368269681930542,0.4050702452659607,0.5605753660202026,0.4574882984161377,0.4840778112411499,0.4076347351074219,0.4717041850090027,0.4518836736679077,0.5508304238319397,0.4950961768627167,0.4730907678604126,0.5016154050827026,0.5326565504074097,0.5018755793571472,0.4958270192146301,0.5059723258018494,0.542893648147583,0.5844148993492126,0.49294203519821167,0.5815150737762451,0.5494604110717773,0.6597887277603149,0.48791784048080444,0.6592910289764404
14,0.5089211463928223,0.3690497577190399,0.5370963215827942,0.4052320122718811,0.5606953501701355,0.4578979015350342,0.48392149806022644,0.4076671600341797,0.4716815650463104,0.45241230726242065,0.5508955717086792,0.49566254019737244,0.47359710931777954,0.5021312832832336,0.5324738025665283,0.5021061897277832,0.49574825167655945,0.5059725046157837,0.542689323425293,0.5849124789237976,0.4932067096233368,0.5822116136550903,0.5492136478424072,0.6597647666931152,0.4877621829509735,0.6591240167617798
15,0.5090969204902649,0.36928069591522217,0.5368455648422241,0.40544041991233826,0.5608498454093933,0.4582698345184326,0.4841999411582947,0.407845675945282,0.47067707777023315,0.45209813117980957,0.551366925239563,0.49532291293144226,0.4736133813858032,0.5022907257080078,0.5401428937911987,0.5047122240066528,0.4957173466682434,0.5058610439300537,0.542870044708252,0.5850582122802734,0.4934811294078827,0.5823906064033508,0.5494141578674316,0.6597542762756348,0.48782646656036377,0.6593557596206665
16,0.5090659856796265,0.36907705664634705,0.5366692543029785,0.4053100049495697,0.5609710812568665,0.45809340476989746,0.48427528142929077,0.4077451229095459,0.4705939292907715,0.45226383209228516,0.5519474744796753,0.4959894120693207,0.4734039306640625,0.502368688583374,0.5400350093841553,0.5045859813690186,0.4957837760448456,0.5057488083839417,0.5426886081695557,0.5848883986473083,0.4936602711677551,0.582222044467926,0.5492521524429321,0.6597332954406738,0.48805341124534607,0.6591732501983643
17,0.5090510845184326,0.36920222640037537,0.5366164445877075,0.4054151773452759,0.5608367919921875,0.458076536655426,0.4842635989189148,0.40766894817352295,0.47053083777427673,0.45212000608444214,0.5520539879798889,0.4951225221157074,0.4734470546245575,0.5017468929290771,0.5400066375732422,0.5044904351234436,0.49563682079315186,0.5055665969848633,0.5428606271743774,0.5850136280059814,0.49364444613456726,0.5823246240615845,0.5492779612541199,0.6598668694496155,0.4877967834472656,0.6592601537704468
18,0.5087702870368958,0.3689057230949402,0.5369264483451843,0.40524137020111084,0.5602278709411621,0.45789968967437744,0.4839633107185364,0.4075767397880554,0.4704974293708801,0.4520745873451233,0.5519428253173828,0.49536436796188354,0.47309884428977966,0.5017384886741638,0.5400146245956421,0.5043950080871582,0.495453417301178,0.5055028796195984,0.543192446231842,0.5855922102928162,0.49348539113998413,0.5828689336776733,0.5492069721221924,0.6599030494689941,0.4875192642211914,0.6591861844062805
19,0.508781909942627,0.36895129084587097,0.5365612506866455,0.4054161310195923,0.5605593919754028,0.45828813314437866,0.48424094915390015,0.40782666206359863,0.47053825855255127,0.4523070752620697,0.5522210001945496,0.4948056638240814,0.47863107919692993,0.4994537830352783,0.5400561690330505,0.5045777559280396,0.4957171678543091,0.5055844783782959,0.5432088375091553,0.5853064656257629,0.4936879873275757,0.5826044678688049,0.5492229461669922,0.6600043773651123,0.487615168094635,0.6592446565628052
20,0.5089874863624573,0.36891937255859375,0.5370619893074036,0.40543699264526367,0.5606239438056946,0.4582696855068207,0.48450368642807007,0.4077844023704529,0.4705747365951538,0.45213526487350464,0.5519574880599976,0.49428385496139526,0.47313305735588074,0.5017260313034058,0.54025799036026,0.5044208765029907,0.4959383010864258,0.5054130554199219,0.5435769557952881,0.5852177143096924,0.49393972754478455,0.5822392702102661,0.5493811964988708,0.6599766612052917,0.48814404010772705,0.658950686454773
21,0.5090265274047852,0.3690110146999359,0.5370804071426392,0.4055327773094177,0.5608980655670166,0.45839259028434753,0.4846758246421814,0.4079020917415619,0.4708486497402191,0.4524671733379364,0.5523605346679688,0.4941186308860779,0.4733996093273163,0.5018028020858765,0.5403487682342529,0.5044289827346802,0.4959484934806824,0.5054640769958496,0.5435851812362671,0.5850872993469238,0.49394628405570984,0.5821079611778259,0.5495129227638245,0.6600229740142822,0.48833367228507996,0.6590825915336609
22,0.5090121030807495,0.3688018321990967,0.5366010665893555,0.4052034318447113,0.561009407043457,0.4585185945034027,0.4847114682197571,0.4077915847301483,0.4714280068874359,0.4529019594192505,0.5517978072166443,0.49354586005210876,0.4736277461051941,0.5020471811294556,0.5403943061828613,0.5044873356819153,0.4961967468261719,0.5055883526802063,0.5437495708465576,0.5846309065818787,0.49423807859420776,0.5815961956977844,0.5496067404747009,0.6600694060325623,0.48870131373405457,0.6587910652160645
23,0.5090131759643555,0.3688531816005707,0.5365920662879944,0.405181348323822,0.5613329410552979,0.45832452178001404,0.48491889238357544,0.40783557295799255,0.4714604318141937,0.452617347240448,0.5518544912338257,0.49284839630126953,0.47789448499679565,0.49844762682914734,0.5404921174049377,0.5043245553970337,0.4964336156845093,0.505308210849762,0.5438110828399658,0.5841753482818604,0.49448728561401367,0.5809160470962524,0.5497235655784607,0.6599223613739014,0.4888386130332947,0.6588018536567688
24,0.5044727921485901,0.3653113842010498,0.5356288552284241,0.4016231298446655,0.5615724325180054,0.4537205100059509,0.48170897364616394,0.4049171805381775,0.47143036127090454,0.4507923126220703,0.5567998886108398,0.49024271965026855,0.47318100929260254,0.5002872347831726,0.5405479669570923,0.4993221163749695,0.4947391152381897,0.5010109543800354,0.544532299041748,0.5826666355133057,0.49226877093315125,0.5803524255752563,0.5527023077011108,0.6623347997665405,0.4885798394680023,0.6580384969711304
25,0.5082179307937622,0.3681373596191406,0.5351948142051697,0.4036825895309448,0.5602789521217346,0.45423585176467896,0.4848799407482147,0.40672752261161804,0.4700515866279602,0.4538828730583191,0.5584197044372559,0.49284109473228455,0.47223135828971863,0.501805305480957,0.5373140573501587,0.5001398324966431,0.49490898847579956,0.5019634962081909,0.5444738864898682,0.5815815329551697,0.4935013949871063,0.5790292024612427,0.5518184304237366,0.6614736318588257,0.48792335391044617,0.6638227701187134
26,0.5078463554382324,0.36798572540283203,0.5346912741661072,0.40381842851638794,0.5605486631393433,0.4547908306121826,0.4851032495498657,0.4067322015762329,0.4698614776134491,0.4540317952632904,0.5581894516944885,0.4929672181606293,0.4722289741039276,0.5018323659896851,0.5369147062301636,0.4999975562095642,0.494789183139801,0.5017952919006348,0.5444170832633972,0.5810995101928711,0.493213415145874,0.5785953402519226,0.5519511103630066,0.6614163517951965,0.4876006543636322,0.6639378070831299
27,0.5082606673240662,0.36858808994293213,0.5350935459136963,0.40439268946647644,0.5610493421554565,0.4552460312843323,0.48616665601730347,0.4074142873287201,0.47081416845321655,0.4542190432548523,0.5579963326454163,0.4934423565864563,0.4724392294883728,0.5016451478004456,0.5371836423873901,0.5003150105476379,0.49514496326446533,0.5021959543228149,0.5393695831298828,0.5776093006134033,0.49531781673431396,0.5890307426452637,0.5517352223396301,0.6614792346954346,0.4877038896083832,0.6578206419944763
28,0.5079421997070312,0.3681424558162689,0.5353407859802246,0.4042298197746277,0.5605192184448242,0.45495450496673584,0.48561084270477295,0.4074316620826721,0.4708032011985779,0.45401033759117126,0.5575697422027588,0.49324852228164673,0.4723323583602905,0.5014501810073853,0.5371766090393066,0.5004964470863342,0.4950486421585083,0.5023074150085449,0.5442557334899902,0.5816174745559692,0.493556946516037,0.5792976021766663,0.5516914129257202,0.6616544723510742,0.4880695044994354,0.6579393148422241
29,0.5080836415290833,0.36839088797569275,0.5355872511863708,0.4045228362083435,0.5608930587768555,0.4552071690559387,0.48578760027885437,0.4076951742172241,0.47094208002090454,0.45416852831840515,0.5575875043869019,0.49332675337791443,0.4721906781196594,0.5014514923095703,0.5373156070709229,0.5007340908050537,0.49543851613998413,0.5024271607398987,0.5395262241363525,0.5778266191482544,0.49606356024742126,0.5895766615867615,0.551781415939331,0.6617007255554199,0.48802536725997925,0.6579858064651489
30,0.5081304311752319,0.36833417415618896,0.5355148315429688,0.4042486846446991,0.5605984926223755,0.45486828684806824,0.48598623275756836,0.4078039824962616,0.4718552529811859,0.45418450236320496,0.5566819310188293,0.49336978793144226,0.4725782871246338,0.5014008283615112,0.537529706954956,0.500791072845459,0.4957770109176636,0.5026204586029053,0.544379472732544,0.5812344551086426,0.49418529868125916,0.5793651342391968,0.5514147281646729,0.6612599492073059,0.4885261058807373,0.6638693809509277
31,0.5073021650314331,0.3685484528541565,0.5352237820625305,0.4045400321483612,0.5612807869911194,0.45534396171569824,0.4862244129180908,0.4076439142227173,0.4713099002838135,0.45397329330444336,0.5570395588874817,0.4928940534591675,0.47205930948257446,0.500769317150116,0.5372503399848938,0.5006520748138428,0.4951959550380707,0.5023149251937866,0.5393596291542053,0.5775818228721619,0.49571630358695984,0.5890385508537292,0.551580011844635,0.6614891886711121,0.48770856857299805,0.6577783823013306
32,0.506784975528717,0.3679208755493164,0.5346154570579529,0.4042928218841553,0.5617905855178833,0.45457708835601807,0.4858297109603882,0.40728959441185,0.47090157866477966,0.45374083518981934,0.5603703260421753,0.49171555042266846,0.47735077142715454,0.4994080066680908,0.5370371341705322,0.4998602271080017,0.49460065364837646,0.5013472437858582,0.5442584156990051,0.5816249847412109,0.4927026927471161,0.5795955657958984,0.551355242729187,0.6612151861190796,0.4877433478832245,0.6631197333335876
33,0.5073392391204834,0.3683006167411804,0.5355420112609863,0.4047929644584656,0.5623363256454468,0.4554150700569153,0.48598968982696533,0.4074610471725464,0.47036534547805786,0.4546210467815399,0.5644733905792236,0.49325311183929443,0.47280991077423096,0.5016683340072632,0.5373293161392212,0.5006653070449829,0.49439677596092224,0.5017646551132202,0.5391212701797485,0.5790044665336609,0.4933241307735443,0.5802571773529053,0.5517723560333252,0.6616485714912415,0.4877716898918152,0.657464325428009
34,0.5079573392868042,0.369476854801178,0.535658597946167,0.4048696458339691,0.5636967420578003,0.45504578948020935,0.48704788088798523,0.4071676433086395,0.4692023992538452,0.45416420698165894,0.5619000792503357,0.4929350018501282,0.47118234634399414,0.4984050691127777,0.5386580228805542,0.5000441670417786,0.4953678846359253,0.501060962677002,0.5402491092681885,0.577820360660553,0.49580439925193787,0.5789961814880371,0.5520447492599487,0.6615757942199707,0.4891337752342224,0.6576101183891296
35,0.5093867778778076,0.37057048082351685,0.5360559225082397,0.4053862690925598,0.5634573698043823,0.45420071482658386,0.48781198263168335,0.4090752601623535,0.470969557762146,0.45420604944229126,0.5662581324577332,0.492175817489624,0.4705825746059418,0.4993962049484253,0.540108323097229,0.5033111572265625,0.4973190724849701,0.5039346218109131,0.5417835712432861,0.5805850625038147,0.4974512457847595,0.582708477973938,0.5524976849555969,0.6634874939918518,0.48786330223083496,0.6595742702484131
36,0.5039119720458984,0.367061585187912,0.5317366719245911,0.4016719460487366,0.5600454807281494,0.4488738179206848,0.48415407538414,0.40726137161254883,0.46787866950035095,0.449984073638916,0.5882909297943115,0.4861011505126953,0.4675109386444092,0.4995536804199219,0.5396566987037659,0.5000815987586975,0.4959404468536377,0.5013796091079712,0.543941080570221,0.582536518573761,0.4967617392539978,0.5836958885192871,0.553463339805603,0.6608248949050903,0.48880118131637573,0.6619405150413513
37,0.5031130909919739,0.3699222505092621,0.5309996604919434,0.405626505613327,0.5561840534210205,0.4512520432472229,0.4973013997077942,0.4097914695739746,0.4724428057670593,0.459494411945343,0.5887434482574463,0.48992499709129333,0.4600788950920105,0.49140653014183044,0.5340619087219238,0.49890023469924927,0.5006771087646484,0.49816247820854187,0.5425633788108826,0.5854089260101318,0.4925694465637207,0.5857222080230713,0.5504261255264282,0.6672298312187195,0.49447891116142273,0.6620123386383057
38,0.5032180547714233,0.3700287938117981,0.5111662745475769,0.4023207426071167,0.5052657127380371,0.45386552810668945,0.5195386409759521,0.4053671360015869,0.5457711815834045,0.4522801637649536,0.5379265546798706,0.5032381415367126,0.5835229158401489,0.4868396520614624,0.5131902098655701,0.4979707598686218,0.5207962989807129,0.4962477684020996,0.5142359733581543,0.5884028673171997,0.5151524543762207,0.5814366340637207,0.5041320323944092,0.6697602272033691,0.5088706016540527,0.6663825511932373
39,0.5053379535675049,0.3684346079826355,0.5310474634170532,0.3994835317134857,0.5661073327064514,0.44480031728744507,0.4879988431930542,0.4071725606918335,0.45924240350723267,0.4517969489097595,0.5972097516059875,0.48355042934417725,0.4475029408931732,0.4849186837673187,0.5372095704078674,0.4987754225730896,0.4931401014328003,0.49863654375076294,0.5436639785766602,0.5814712643623352,0.4983118772506714,0.5793323516845703,0.551039457321167,0.6678265333175659,0.49067652225494385,0.6606518030166626
40,0.5036036372184753,0.36779531836509705,0.5303008556365967,0.4008462131023407,0.5571492314338684,0.446633905172348,0.4969601631164551,0.4055715799331665,0.46581992506980896,0.4472888708114624,0.6045353412628174,0.4794033169746399,0.4351990818977356,0.47156664729118347,0.5335385799407959,0.49814456701278687,0.5006852149963379,0.49588248133659363,0.5358974933624268,0.584037184715271,0.5019038319587708,0.582202136516571,0.5488746166229248,0.6647927761077881,0.49434328079223633,0.6645501852035522
41,0.5064460635185242,0.3706361651420593,0.5363421440124512,0.3982205390930176,0.5659242868423462,0.4428301751613617,0.4876713752746582,0.4042304754257202,0.46353551745414734,0.44269317388534546,0.6150172352790833,0.4663638472557068,0.41475486755371094,0.4600589871406555,0.5351471304893494,0.49756908416748047,0.4937332272529602,0.4977077841758728,0.5402692556381226,0.579163670539856,0.4987472891807556,0.5847162008285522,0.5512527227401733,0.6672801375389099,0.49045881628990173,0.6641911864280701
42,0.5048260688781738,0.36998075246810913,0.5251504182815552,0.398404598236084,0.5331208109855652,0.43760234117507935,0.4975067973136902,0.3988405168056488,0.4871015250682831,0.44003623723983765,0.5987498760223389,0.4731543958187103,0.489467978477478,0.47008204460144043,0.5277793407440186,0.4965211749076843,0.504580020904541,0.49708741903305054,0.5266447067260742,0.5838992595672607,0.49682292342185974,0.5845034718513489,0.5456355214118958,0.6666889190673828,0.4947887063026428,0.663846492767334
43,0.5051416158676147,0.36769139766693115,0.5204307436943054,0.3930756449699402,0.5301432609558105,0.42801687121391296,0.5011371374130249,0.3947398364543915,0.4956704080104828,0.42809030413627625,0.5518290996551514,0.4131511151790619,0.5016738772392273,0.4125251770019531,0.5245815515518188,0.4963999390602112,0.5042428970336914,0.497549831867218,0.5209553837776184,0.5815376043319702,0.4991154670715332,0.5797342658042908,0.5415131449699402,0.6692644357681274,0.49807655811309814,0.6661397814750671
44,0.5108920335769653,0.3669285178184509,0.5352582931518555,0.3919981122016907,0.5606383085250854,0.4223155379295349,0.4943234920501709,0.3993076980113983,0.48169147968292236,0.4214813709259033,0.6274104714393616,0.3850898742675781,0.47640103101730347,0.40943583846092224,0.536556601524353,0.4980465769767761,0.4963940978050232,0.4983227252960205,0.5357220768928528,0.5836529731750488,0.49699652194976807,0.5786943435668945,0.5496286749839783,0.6682769656181335,0.4895888566970825,0.6672900915145874
45,0.5146427750587463,0.3668242394924164,0.5397077798843384,0.39583560824394226,0.5645058155059814,0.40203365683555603,0.49037855863571167,0.3935214877128601,0.47654494643211365,0.4041830003261566,0.6323069334030151,0.357499897480011,0.4944595992565155,0.3740791976451874,0.5399553179740906,0.5022910833358765,0.49648863077163696,0.502875566482544,0.5350227952003479,0.5857307314872742,0.49824222922325134,0.5820178389549255,0.5505079030990601,0.6679415106773376,0.4913066327571869,0.667989194393158
46,0.5119065046310425,0.3680780827999115,0.5377589464187622,0.3955453634262085,0.5690284967422485,0.38599151372909546,0.4842350482940674,0.39360976219177246,0.44670507311820984,0.3867510259151459,0.625686526298523,0.33172598481178284,0.3875405490398407,0.357652485370636,0.5368108153343201,0.49651631712913513,0.494906485080719,0.49909764528274536,0.5357698202133179,0.5822805166244507,0.49931392073631287,0.5785393714904785,0.5513625144958496,0.6663030982017517,0.4929473102092743,0.6654734015464783
47,0.5038185119628906,0.3721383512020111,0.5324596166610718,0.40534743666648865,0.5304015278816223,0.3858628273010254,0.4831472337245941,0.4030303657054901,0.4677949845790863,0.39527735114097595,0.5228807330131531,0.36110496520996094,0.4068104922771454,0.34624433517456055,0.5376078486442566,0.5010568499565125,0.49684399366378784,0.5013174414634705,0.5328344702720642,0.5838640332221985,0.4977041184902191,0.5808117985725403,0.5494316816329956,0.6662104725837708,0.49220263957977295,0.6642914414405823
48,0.4963698387145996,0.37715277075767517,0.5322449803352356,0.40164685249328613,0.5214748382568359,0.37016797065734863,0.4760393500328064,0.40924057364463806,0.45683127641677856,0.37945711612701416,0.5132140517234802,0.3576294183731079,0.3976631164550781,0.3293203115463257,0.5285952687263489,0.4954657554626465,0.49037760496139526,0.49717044830322266,0.5237923860549927,0.5801562070846558,0.49507007002830505,0.5737611651420593,0.5413719415664673,0.662777304649353,0.49649983644485474,0.6648346185684204
49,0.493999719619751,0.37387919425964355,0.5234776735305786,0.392902672290802,0.5182738304138184,0.3666139841079712,0.47526490688323975,0.400076687335968,0.4454018473625183,0.36716946959495544,0.6031937599182129,0.31043270230293274,0.3993532061576843,0.32989490032196045,0.5262561440467834,0.49701541662216187,0.49264299869537354,0.498311847448349,0.5223993062973022,0.575259804725647,0.49766165018081665,0.5712190866470337,0.5410045385360718,0.6600578427314758,0.49869227409362793,0.6627155542373657
50,0.49194249510765076,0.3693779706954956,0.5294139385223389,0.3870297372341156,0.5515354871749878,0.35823893547058105,0.4741394519805908,0.39590632915496826,0.445046603679657,0.36488673090934753,0.6017751693725586,0.2924448251724243,0.39850443601608276,0.323855459690094,0.5293898582458496,0.4962877929210663,0.49655258655548096,0.4974975287914276,0.5244712233543396,0.573330819606781,0.4977383613586426,0.5679662823677063,0.5419936180114746,0.6600881218910217,0.49662595987319946,0.6606881618499756
51,0.4935012757778168,0.3717833459377289,0.5238174796104431,0.39229628443717957,0.5449240207672119,0.3646950423717499,0.4744109809398651,0.39897772669792175,0.4428099989891052,0.36470383405685425,0.5930492877960205,0.29497718811035156,0.4048904776573181,0.3201892673969269,0.5240291357040405,0.4945036768913269,0.4897385239601135,0.49061092734336853,0.5211207270622253,0.5685454607009888,0.49636751413345337,0.5649697780609131,0.5397313237190247,0.6564286947250366,0.4958372116088867,0.64990234375
52,0.49482089281082153,0.36866557598114014,0.6198122501373291,0.4767460823059082,0.509319543838501,0.37373876571655273,0.5054575204849243,0.3871573209762573,0.2818906009197235,0.46568116545677185,0.27526143193244934,0.48277080059051514,0.2672642469406128,0.47664737701416016,0.5208858251571655,0.4997504651546478,0.5027343034744263,0.5011847615242004,0.5154933333396912,0.5645740628242493,0.49928897619247437,0.5646452903747559,0.5399043560028076,0.6499330401420593,0.503278374671936,0.6469953060150146
53,0.6251208782196045,0.4592442512512207,0.6256885528564453,0.4775158166885376,0.5019001364707947,0.4948989152908325,0.6342898607254028,0.47908270359039307,0.6131400465965271,0.49222809076309204,0.2780173420906067,0.471988320350647,0.5569033622741699,0.5185824632644653,0.5098428726196289,0.5152187347412109,0.5191101431846619,0.5119123458862305,0.5108140110969543,0.5628997087478638,0.5143408179283142,0.5615447759628296,0.531715989112854,0.6367331743240356,0.534142255783081,0.6351273655891418
54,0.6233412623405457,0.4579249322414398,0.6247814893722534,0.4760739505290985,0.5039398670196533,0.4975310266017914,0.6332758665084839,0.4775199592113495,0.5276683568954468,0.4790880084037781,0.5137181282043457,0.5309779644012451,0.5318945646286011,0.5062204599380493,0.51079261302948,0.507858395576477,0.5202971696853638,0.5091230273246765,0.510129451751709,0.567832350730896,0.5123557448387146,0.5663747191429138,0.5125603675842285,0.6416665315628052,0.51256263256073,0.6405572891235352
55,0.4995766282081604,0.3630726933479309,0.500224769115448,0.38788795471191406,0.5017862319946289,0.46794307231903076,0.5143634080886841,0.39119991660118103,0.5257003307342529,0.4477021396160126,0.5022891759872437,0.49303168058395386,0.5286635160446167,0.499726265668869,0.5107645988464355,0.49019715189933777,0.5195362567901611,0.4916346073150635,0.509246826171875,0.567298948764801,0.5107008218765259,0.5663639307022095,0.5078956484794617,0.6533659100532532,0.5337736010551453,0.6532835960388184
56,0.5025885105133057,0.3591125011444092,0.5010033249855042,0.3860750198364258,0.4978637099266052,0.43694040179252625,0.5153056979179382,0.39047715067863464,0.5074511766433716,0.43631619215011597,0.5001763105392456,0.48924678564071655,0.5248516201972961,0.47797226905822754,0.5073812007904053,0.4872894287109375,0.5147905349731445,0.489397257566452,0.5030763745307922,0.5674499273300171,0.5079410076141357,0.5675421357154846,0.504749059677124,0.6539804339408875,0.5332018733024597,0.6546834111213684
57,0.49939069151878357,0.351919949054718,0.5024107098579407,0.37680983543395996,0.5010803937911987,0.40687066316604614,0.5079350471496582,0.3814830780029297,0.5012861490249634,0.4059712588787079,0.4952389895915985,0.46427997946739197,0.4979512393474579,0.4656015634536743,0.5103261470794678,0.47865331172943115,0.5071926712989807,0.48113226890563965,0.5055363178253174,0.5623728632926941,0.5023674368858337,0.5624359846115112,0.5058767795562744,0.6528130173683167,0.49985072016716003,0.6520121097564697
58,0.5007076263427734,0.3444492220878601,0.5011731386184692,0.3743990659713745,0.5037103891372681,0.36718839406967163,0.5146915912628174,0.37225016951560974,0.5142209529876709,0.3683740794658661,0.4973146915435791,0.4690868556499481,0.5242381691932678,0.47759926319122314,0.5083780884742737,0.4792507588863373,0.5192997455596924,0.4770776927471161,0.49855923652648926,0.5626165866851807,0.5089112520217896,0.5625889301300049,0.5023440718650818,0.6528320908546448,0.5057597160339355,0.6510893106460571
59,0.4992930293083191,0.33973079919815063,0.5050389170646667,0.3574683368206024,0.5102455615997314,0.36103662848472595,0.5121390223503113,0.36394160985946655,0.5141786932945251,0.3638191819190979,0.5215189456939697,0.4968804717063904,0.5253480076789856,0.4784694314002991,0.5181522369384766,0.48433995246887207,0.5189247131347656,0.48802709579467773,0.5043145418167114,0.5629705786705017,0.507117509841919,0.5627583265304565,0.5052822828292847,0.6496163606643677,0.5040400624275208,0.6474131941795349
60,0.47150740027427673,0.2738950848579407,0.46316367387771606,0.2874241769313812,0.4965564012527466,0.33739253878593445,0.5365684628486633,0.2939128875732422,0.5144767761230469,0.33694297075271606,0.4945184886455536,0.344696968793869,0.5050724744796753,0.3459082841873169,0.510483980178833,0.47893890738487244,0.534508466720581,0.48189038038253784,0.503886878490448,0.5724402070045471,0.5243251919746399,0.572975754737854,0.5050301551818848,0.6473423838615417,0.5367138981819153,0.6581481099128723
61,0.47521981596946716,0.27572375535964966,0.4811877906322479,0.2845779061317444,0.5039771795272827,0.33755406737327576,0.5348030924797058,0.28883838653564453,0.5181339979171753,0.337543785572052,0.5020865201950073,0.34948596358299255,0.5505170822143555,0.49059078097343445,0.5096774101257324,0.47710704803466797,0.5306885242462158,0.4800676107406616,0.5060045719146729,0.5655081272125244,0.5243655443191528,0.565611720085144,0.5072757601737976,0.6415221095085144,0.5385931730270386,0.651603102684021
62,0.48407214879989624,0.2659394443035126,0.5307673811912537,0.2803787589073181,0.5421871542930603,0.31738466024398804,0.4748755693435669,0.2894948720932007,0.5008372068405151,0.3285408318042755,0.513688325881958,0.34875649213790894,0.4991798400878906,0.34892237186431885,0.5151394009590149,0.36088675260543823,0.5030844807624817,0.36221563816070557,0.5224652290344238,0.545392632484436,0.5112844705581665,0.5448482632637024,0.5251063704490662,0.6068071126937866,0.5206234455108643,0.6205912828445435
63,0.4929569363594055,0.2703245282173157,0.5368130207061768,0.2831062376499176,0.5457103252410889,0.325312077999115,0.4785958230495453,0.29292041063308716,0.47024059295654297,0.32505661249160767,0.521654486656189,0.35764098167419434,0.4986740052700043,0.35783204436302185,0.5378841161727905,0.42615243792533875,0.5094080567359924,0.42555081844329834,0.5252559185028076,0.5407528877258301,0.5045037865638733,0.5406485199928284,0.5343223810195923,0.6299540996551514,0.5020276308059692,0.6284485459327698
64,0.515437126159668,0.2607797682285309,0.5418015718460083,0.28514546155929565,0.548493504524231,0.3288189172744751,0.47869545221328735,0.2899284362792969,0.46870872378349304,0.32835376262664795,0.5343608856201172,0.3648092448711395,0.4893426299095154,0.3641153573989868,0.5343252420425415,0.39971503615379333,0.5046440362930298,0.40084001421928406,0.5291122198104858,0.5090979337692261,0.5023680925369263,0.5122941136360168,0.5396546125411987,0.6325296759605408,0.4978468120098114,0.6034373044967651
65,0.5131440162658691,0.2584127187728882,0.5422351360321045,0.2854665517807007,0.5484521389007568,0.32997599244117737,0.47926992177963257,0.2891247868537903,0.4700414836406708,0.32816633582115173,0.5349344611167908,0.36673399806022644,0.48911985754966736,0.3667968511581421,0.5354519486427307,0.403290718793869,0.5043840408325195,0.40435898303985596,0.5314461588859558,0.5115586519241333,0.5033729672431946,0.5303466320037842,0.540186882019043,0.6339436769485474,0.500750720500946,0.5979913473129272
66,0.48985981941223145,0.2610921859741211,0.5354608297348022,0.280373752117157,0.5448062419891357,0.3259024918079376,0.47583603858947754,0.2879991829395294,0.46603795886039734,0.3230498731136322,0.5273259878158569,0.36224231123924255,0.48939916491508484,0.36337536573410034,0.5308426022529602,0.388393372297287,0.5029562711715698,0.42491644620895386,0.5272425413131714,0.5447167754173279,0.5000655651092529,0.5441794395446777,0.5395814180374146,0.6416434049606323,0.4982111155986786,0.6350539922714233
67,0.4863145053386688,0.26696068048477173,0.5330038070678711,0.28226059675216675,0.5435701608657837,0.3213399350643158,0.4756593108177185,0.2909271717071533,0.4686894118785858,0.3201841115951538,0.5238100290298462,0.35563600063323975,0.48113077878952026,0.3535073399543762,0.5284391045570374,0.37941503524780273,0.5064069032669067,0.4240032136440277,0.5274366140365601,0.5483977198600769,0.5057727098464966,0.5481537580490112,0.5373772978782654,0.6351093053817749,0.5030900239944458,0.6330896615982056
68,0.48317384719848633,0.268462598323822,0.5338876843452454,0.2794796824455261,0.5436777472496033,0.3139083981513977,0.47522473335266113,0.292640745639801,0.5022925138473511,0.33341723680496216,0.5204905271530151,0.35128700733184814,0.5049335956573486,0.35213810205459595,0.5273290872573853,0.4492025375366211,0.5088934898376465,0.4527176022529602,0.5223734378814697,0.550822377204895,0.5075669288635254,0.5500710010528564,0.539381742477417,0.6496535539627075,0.5045349597930908,0.6383435726165771
69,0.4760238528251648,0.26829108595848083,0.5360137820243835,0.27563726902008057,0.5453977584838867,0.3104068636894226,0.4721660315990448,0.28777483105659485,0.49618321657180786,0.3323516547679901,0.5191190838813782,0.3506319522857666,0.4983157813549042,0.3521847128868103,0.5377423763275146,0.4486016631126404,0.5043920278549194,0.4508575201034546,0.5226276516914368,0.5497766733169556,0.5001314282417297,0.5495757460594177,0.5384319424629211,0.6552605032920837,0.5000754594802856,0.6472457647323608
70,0.49042147397994995,0.267208993434906,0.5423424243927002,0.2827710807323456,0.5333747267723083,0.3410649001598358,0.47061169147491455,0.29317185282707214,0.4680027365684509,0.3422113358974457,0.5231544375419617,0.3663780391216278,0.48019081354141235,0.3715035915374756,0.5382258296012878,0.4475550055503845,0.49280625581741333,0.45078545808792114,0.522729754447937,0.5496072769165039,0.48928460478782654,0.5529255270957947,0.5402697324752808,0.6544601917266846,0.48996180295944214,0.6437159776687622
71,0.48525211215019226,0.2666919529438019,0.5381757616996765,0.2802167534828186,0.5279813408851624,0.33537477254867554,0.4687722325325012,0.2914963662624359,0.46719884872436523,0.33618253469467163,0.5173749327659607,0.35840290784835815,0.47750920057296753,0.35857388377189636,0.527442216873169,0.44576960802078247,0.4934232234954834,0.4502985179424286,0.521977424621582,0.547857940196991,0.4929457902908325,0.5531046986579895,0.5388872027397156,0.6537868976593018,0.491811603307724,0.6453372240066528
72,0.4786454439163208,0.2689110040664673,0.5368874073028564,0.2767062187194824,0.5222708582878113,0.3384321630001068,0.4660622775554657,0.2921587824821472,0.4860534369945526,0.3396509885787964,0.5126756429672241,0.3696102797985077,0.4879837930202484,0.37025579810142517,0.5240486860275269,0.4706587791442871,0.5041036605834961,0.4590579867362976,0.5125955939292908,0.5556895732879639,0.4986191987991333,0.5624682903289795,0.5319870710372925,0.646170437335968,0.4958656430244446,0.637706995010376
73,0.49355122447013855,0.33423659205436707,0.515028715133667,0.3434719443321228,0.5191466808319092,0.35322603583335876,0.4912790060043335,0.3489771783351898,0.48842737078666687,0.35466787219047546,0.525476336479187,0.49472808837890625,0.48345947265625,0.46066781878471375,0.525324821472168,0.4967338740825653,0.5022375583648682,0.49935197830200195,0.5096847414970398,0.5658990144729614,0.49748286604881287,0.5659770369529724,0.5386515855789185,0.648173987865448,0.4943697452545166,0.639266848564148
74,0.4947836995124817,0.3311222791671753,0.5412894487380981,0.29011407494544983,0.5226343274116516,0.3515954911708832,0.48982882499694824,0.34468671679496765,0.46895119547843933,0.36674022674560547,0.5267109870910645,0.4933149814605713,0.48239296674728394,0.46039697527885437,0.5263789296150208,0.4832058548927307,0.4992310702800751,0.48536062240600586,0.5110865235328674,0.5652937889099121,0.4946995973587036,0.5652685165405273,0.5385805368423462,0.6501444578170776,0.48721206188201904,0.6434062123298645
75,0.4783271551132202,0.26971912384033203,0.5424392223358154,0.28070271015167236,0.5339486002922058,0.3400980830192566,0.47122669219970703,0.28815406560897827,0.4690365791320801,0.355571985244751,0.5563580393791199,0.4939395785331726,0.48105156421661377,0.366897314786911,0.5317351222038269,0.45694130659103394,0.4912799596786499,0.45784783363342285,0.5205800533294678,0.5650173425674438,0.49226266145706177,0.5633249282836914,0.538760781288147,0.6510990858078003,0.4852122962474823,0.643122673034668
76,0.488749235868454,0.26564228534698486,0.5416025519371033,0.2794676125049591,0.5326703786849976,0.3374098241329193,0.4709777534008026,0.2875685393810272,0.4609961211681366,0.3265782594680786,0.5259094834327698,0.35893628001213074,0.4786841869354248,0.36311548948287964,0.5315718650817871,0.4284796714782715,0.4925764799118042,0.43120861053466797,0.5150355100631714,0.5499469041824341,0.49209851026535034,0.5576368570327759,0.5363520383834839,0.6472174525260925,0.4849417805671692,0.6422485113143921
77,0.5217175483703613,0.26653608679771423,0.5400123596191406,0.2885437309741974,0.5419727563858032,0.32810622453689575,0.501227617263794,0.2942667007446289,0.47955387830734253,0.33765050768852234,0.5290265083312988,0.3623749017715454,0.4900287985801697,0.3638145923614502,0.527387797832489,0.4038449227809906,0.5012001991271973,0.4142169952392578,0.5196704268455505,0.5398700833320618,0.49823006987571716,0.5424654483795166,0.5412090420722961,0.6553537845611572,0.4912833571434021,0.6395834684371948
78,0.5225540995597839,0.2735236883163452,0.5390800833702087,0.29811781644821167,0.5442642569541931,0.3232628107070923,0.49600785970687866,0.3094691336154938,0.4849899709224701,0.33867400884628296,0.520261287689209,0.35155850648880005,0.4882000684738159,0.3508962392807007,0.5289924144744873,0.416334331035614,0.5039642453193665,0.4202727675437927,0.5229306221008301,0.5383267402648926,0.5016022324562073,0.5510884523391724,0.5419267416000366,0.6577760577201843,0.4971030354499817,0.6504133939743042
79,0.4811785817146301,0.28705552220344543,0.5037766695022583,0.33341944217681885,0.5083587169647217,0.34293362498283386,0.5119155645370483,0.34015771746635437,0.5121814012527466,0.3440673053264618,0.5055655837059021,0.3480941653251648,0.5070724487304688,0.3494660258293152,0.5116673111915588,0.45699822902679443,0.5105865001678467,0.46093493700027466,0.506452739238739,0.5669102668762207,0.5069461464881897,0.5666576027870178,0.5349249839782715,0.6581416130065918,0.5335788130760193,0.6578286290168762
80,0.46721193194389343,0.2881162762641907,0.4985324740409851,0.33695611357688904,0.5002967715263367,0.3460385799407959,0.5107019543647766,0.3431309163570404,0.5106176733970642,0.3464801013469696,0.49394017457962036,0.35030943155288696,0.4999360740184784,0.3516097962856293,0.5105721950531006,0.478274405002594,0.522996723651886,0.4816543757915497,0.5020433664321899,0.5678379535675049,0.5164268016815186,0.5694634914398193,0.5050733089447021,0.6536110639572144,0.5364087224006653,0.653983473777771
81,0.4796377420425415,0.2869832217693329,0.4957549571990967,0.32402917742729187,0.5002728700637817,0.3542499542236328,0.5199103355407715,0.3301541209220886,0.5176876783370972,0.35411107540130615,0.49603259563446045,0.3564924895763397,0.5066051483154297,0.35703253746032715,0.5083051919937134,0.4530027508735657,0.5137936472892761,0.45583391189575195,0.5054983496665955,0.5530099272727966,0.5136077404022217,0.5543211698532104,0.5049736499786377,0.6470770239830017,0.5033829212188721,0.6464477181434631
82,0.47184157371520996,0.2862396240234375,0.5026052594184875,0.33337637782096863,0.5083221793174744,0.34430357813835144,0.5091043710708618,0.33963271975517273,0.5116077661514282,0.3439328670501709,0.497009813785553,0.3665148913860321,0.4971303939819336,0.3655640482902527,0.5206350684165955,0.4525905251502991,0.5179055333137512,0.4575919806957245,0.5198554992675781,0.556873083114624,0.5153369903564453,0.557998538017273,0.5379070043563843,0.6436383724212646,0.5318289995193481,0.6440296173095703
83,0.4723967909812927,0.2805030941963196,0.4736630618572235,0.29223477840423584,0.49620747566223145,0.34069547057151794,0.5432205200195312,0.2931143641471863,0.5246590375900269,0.33952784538269043,0.49262547492980957,0.3670656383037567,0.5560982823371887,0.47122466564178467,0.5082402229309082,0.4319133460521698,0.5327301025390625,0.45151394605636597,0.5110744833946228,0.5544861555099487,0.5293135643005371,0.5521371960639954,0.5040868520736694,0.6437819600105286,0.5357909798622131,0.6457750797271729
84,0.4723215699195862,0.27756497263908386,0.4682687520980835,0.28968924283981323,0.2862725853919983,0.4670552909374237,0.547183632850647,0.2928822338581085,0.5248838663101196,0.338070809841156,0.2787119150161743,0.4818724989891052,0.5138965845108032,0.3480322062969208,0.5050727128982544,0.4819520115852356,0.5354694128036499,0.48563897609710693,0.5004172325134277,0.5817907452583313,0.5226637125015259,0.5852628350257874,0.5028555393218994,0.6666138768196106,0.5115890502929688,0.6659932732582092
85,0.4751170575618744,0.3050561547279358,0.4892132878303528,0.4872429370880127,0.2883634567260742,0.47137364745140076,0.55543053150177,0.3163231909275055,0.6025494337081909,0.503032386302948,0.5098116397857666,0.538168728351593,0.5627031326293945,0.5350993275642395,0.5062896013259888,0.5190603733062744,0.537831723690033,0.522712767124176,0.49699461460113525,0.5877198576927185,0.5316394567489624,0.5893654227256775,0.5005356669425964,0.6676971912384033,0.5391721725463867,0.6669475436210632
86,0.4795709550380707,0.3001745939254761,0.4909958243370056,0.5134661793708801,0.49219071865081787,0.5380766987800598,0.554358720779419,0.3094620108604431,0.5965021252632141,0.5254213213920593,0.5112515687942505,0.5364649295806885,0.5789089798927307,0.5317615270614624,0.505974292755127,0.527912974357605,0.5462735891342163,0.5331243276596069,0.5014933347702026,0.5925878286361694,0.5444502830505371,0.5974808931350708,0.5035533905029297,0.6668831706047058,0.5463947057723999,0.6688443422317505
87,0.4845075011253357,0.30718210339546204,0.47928792238235474,0.45220038294792175,0.467855304479599,0.3664621114730835,0.5709640383720398,0.46482500433921814,0.5504292249679565,0.3570038974285126,0.4927304685115814,0.36833521723747253,0.5410913825035095,0.3011262118816376,0.4986099898815155,0.49740612506866455,0.5406472682952881,0.5009756684303284,0.5045861005783081,0.5819145441055298,0.5446048378944397,0.5901395678520203,0.4971418082714081,0.6574386954307556,0.5455600023269653,0.6573259830474854
88,0.5071907043457031,0.36651378870010376,0.48820972442626953,0.47899967432022095,0.4878176152706146,0.48881304264068604,0.5687122344970703,0.48786765336990356,0.5814400315284729,0.47576069831848145,0.5006974339485168,0.4867994487285614,0.5373988747596741,0.3107070326805115,0.5043860673904419,0.5029308795928955,0.5390115976333618,0.5046728253364563,0.5117781162261963,0.5787900686264038,0.5441399812698364,0.5845304131507874,0.4986031651496887,0.642806351184845,0.5453174114227295,0.6612125635147095
89,0.482286661863327,0.30938780307769775,0.4981488585472107,0.38355642557144165,0.4892728924751282,0.4005323350429535,0.545967698097229,0.3854813575744629,0.5487165451049805,0.37954720854759216,0.49509602785110474,0.38731998205184937,0.5359204411506653,0.30117475986480713,0.5121420621871948,0.4625285565853119,0.5399795770645142,0.46260103583335876,0.5123064517974854,0.5597169399261475,0.5429635047912598,0.5607345104217529,0.49979478120803833,0.6597465872764587,0.5447278022766113,0.6590480804443359
90,0.5137748718261719,0.38452327251434326,0.5085709095001221,0.4346807599067688,0.49460625648498535,0.4648716449737549,0.5384321212768555,0.43464261293411255,0.5435501933097839,0.44335731863975525,0.5096738934516907,0.4677342176437378,0.5292585492134094,0.4483717381954193,0.5102115273475647,0.4996452331542969,0.5307226777076721,0.49962735176086426,0.5129985809326172,0.570989727973938,0.5358895063400269,0.571826696395874,0.4991301894187927,0.6610925197601318,0.5412319302558899,0.6600340604782104
91,0.4812106490135193,0.3238765001296997,0.5000093579292297,0.42768317461013794,0.4920513331890106,0.46087297797203064,0.5438026189804077,0.4075283408164978,0.549064576625824,0.40845561027526855,0.5015128254890442,0.4597027897834778,0.5534775853157043,0.4748390316963196,0.5101050138473511,0.4919780194759369,0.5467170476913452,0.49231934547424316,0.513695240020752,0.5629467964172363,0.545269250869751,0.5621384382247925,0.5033790469169617,0.6572294235229492,0.5462422370910645,0.6563416123390198
92,0.5008049011230469,0.30126070976257324,0.5025162696838379,0.3373427093029022,0.5106765031814575,0.37084507942199707,0.5329919457435608,0.3377001881599426,0.5450072288513184,0.36009642481803894,0.5010596513748169,0.3734063506126404,0.5390291213989258,0.3123295307159424,0.5265645980834961,0.4523117244243622,0.5292361974716187,0.4544167220592499,0.5300096273422241,0.5523998737335205,0.5256325602531433,0.5552939772605896,0.5454632043838501,0.6498915553092957,0.5372908115386963,0.6500694751739502
93,0.48474687337875366,0.3232978284358978,0.48415058851242065,0.4055177867412567,0.48352664709091187,0.4278695583343506,0.5408226251602173,0.40581101179122925,0.5319075584411621,0.39538466930389404,0.49993449449539185,0.45617425441741943,0.5535991191864014,0.47469091415405273,0.5071374177932739,0.4936184287071228,0.5448664426803589,0.49479061365127563,0.5057218670845032,0.5689100027084351,0.5431878566741943,0.5725375413894653,0.49974843859672546,0.6623777151107788,0.547322154045105,0.662299633026123
94,0.48945504426956177,0.3302745223045349,0.4955921173095703,0.40549004077911377,0.4874383807182312,0.4494040012359619,0.5574207305908203,0.42745310068130493,0.5528841614723206,0.38814327120780945,0.4998863935470581,0.45104846358299255,0.5553562045097351,0.472925066947937,0.5093048214912415,0.49993324279785156,0.5466187596321106,0.5000808835029602,0.5059229731559753,0.5756793022155762,0.5422344207763672,0.5767471194267273,0.5011741518974304,0.6631849408149719,0.5462611317634583,0.6615756750106812
95,0.5110636949539185,0.3745088279247284,0.5058069229125977,0.4051764905452728,0.4995562434196472,0.39368659257888794,0.5209333896636963,0.4119788110256195,0.512342095375061,0.39485692977905273,0.499350368976593,0.39484703540802,0.5336364507675171,0.3163601756095886,0.5224606394767761,0.49519938230514526,0.5229781866073608,0.499769389629364,0.5207599401473999,0.5686460733413696,0.5224452018737793,0.5723272562026978,0.5428306460380554,0.6583914756774902,0.5363878011703491,0.6610320806503296
96,0.5373907089233398,0.39926084876060486,0.5395387411117554,0.43465253710746765,0.529593825340271,0.448538601398468,0.5059183239936829,0.4255026578903198,0.4880478084087372,0.43451055884361267,0.5392299294471741,0.43885502219200134,0.49932941794395447,0.4133695960044861,0.5404659509658813,0.5170189142227173,0.512090265750885,0.5205796957015991,0.5412930250167847,0.5778615474700928,0.5053001642227173,0.5765972137451172,0.5473397970199585,0.6607258915901184,0.4931628406047821,0.6596727967262268
97,0.5219792127609253,0.43335768580436707,0.5198149681091309,0.4612047076225281,0.5131047964096069,0.5088589787483215,0.5230420827865601,0.4629661738872528,0.5258963704109192,0.5013465881347656,0.5319617986679077,0.5332457423210144,0.5275466442108154,0.5030307173728943,0.5253149271011353,0.536770224571228,0.5216708779335022,0.5380066633224487,0.5216824412345886,0.5904930830001831,0.5207203030586243,0.5912142992019653,0.5404759645462036,0.6592490673065186,0.5323653817176819,0.6618715524673462
98,0.5250702500343323,0.43570297956466675,0.5289669036865234,0.464083731174469,0.5303376913070679,0.5111982822418213,0.5214491486549377,0.4645821750164032,0.5220723152160645,0.5031067728996277,0.5429223775863647,0.5458540916442871,0.5278937816619873,0.5353233814239502,0.5295143127441406,0.5410825610160828,0.5212071537971497,0.5407888889312744,0.5423544645309448,0.5952020883560181,0.5193300843238831,0.5926380157470703,0.5418528318405151,0.6617836356163025,0.5312874913215637,0.6632338166236877
99,0.5275394916534424,0.41081351041793823,0.5445667505264282,0.4534190595149994,0.545960545539856,0.49679049849510193,0.5153526067733765,0.4523232877254486,0.4918668866157532,0.4542599320411682,0.5423399806022644,0.5257402658462524,0.5127010345458984,0.523341178894043,0.5400596857070923,0.5245246887207031,0.5187665224075317,0.5274689197540283,0.5392113924026489,0.5840739011764526,0.5118244290351868,0.5840685367584229,0.5446336269378662,0.6586719155311584,0.5316314697265625,0.6624398231506348
100,0.5240441560745239,0.4318270683288574,0.5515139102935791,0.46160396933555603,0.5599123239517212,0.4961227774620056,0.5079821348190308,0.4629022777080536,0.4921165704727173,0.49629899859428406,0.542412281036377,0.4714643955230713,0.49811050295829773,0.4392695426940918,0.5463600754737854,0.5434777140617371,0.5158467888832092,0.5466192364692688,0.5544654130935669,0.5925662517547607,0.50657057762146,0.5897502899169922,0.5550526976585388,0.6627842783927917,0.48874351382255554,0.6632535457611084
101,0.5262036323547363,0.41441959142684937,0.5507029294967651,0.4398519992828369,0.5492526292800903,0.4477792978286743,0.5069677233695984,0.4440755844116211,0.48493850231170654,0.44123345613479614,0.5389105081558228,0.43643996119499207,0.5033142566680908,0.4167855679988861,0.5441546440124512,0.5217269659042358,0.5124636888504028,0.5264797210693359,0.5486064553260803,0.5858371257781982,0.5028328895568848,0.5806444883346558,0.5539441108703613,0.6601775884628296,0.48876094818115234,0.6581810712814331
102,0.5226080417633057,0.4124249219894409,0.5490967035293579,0.43721041083335876,0.5513951182365417,0.44476091861724854,0.5026569962501526,0.4403470456600189,0.482089102268219,0.4292548596858978,0.5420573949813843,0.4362294375896454,0.48059767484664917,0.33291590213775635,0.54343181848526,0.5204294323921204,0.5116162300109863,0.5244563221931458,0.549593448638916,0.5832741260528564,0.5041306018829346,0.5770835280418396,0.5553652048110962,0.6591986417770386,0.48752743005752563,0.6629753708839417
103,0.519180178642273,0.4337027966976166,0.5491160154342651,0.4598577916622162,0.5580785870552063,0.4750216007232666,0.5012038350105286,0.45990419387817383,0.4795803725719452,0.4455953538417816,0.5421335697174072,0.4353487193584442,0.5009890794754028,0.416561484336853,0.542698323726654,0.5325521230697632,0.5111193060874939,0.5363055467605591,0.5518321394920349,0.595235288143158,0.501994252204895,0.5867700576782227,0.5562840700149536,0.659237265586853,0.48634037375450134,0.6634876728057861
104,0.5193776488304138,0.4363182783126831,0.5502803921699524,0.46542084217071533,0.5597816705703735,0.49656960368156433,0.5008395910263062,0.4642831087112427,0.4850355386734009,0.4731542468070984,0.546968400478363,0.46006935834884644,0.48926693201065063,0.4339115023612976,0.5421639084815979,0.5448178052902222,0.5126255750656128,0.5475342273712158,0.5543777942657471,0.5942862033843994,0.5038466453552246,0.5904479622840881,0.5541778802871704,0.6603944301605225,0.4859071671962738,0.6599652767181396
105,0.5247375965118408,0.42090821266174316,0.5499502420425415,0.4511186480522156,0.5595875978469849,0.49137911200523376,0.5073129534721375,0.4513772130012512,0.48663467168807983,0.4636387526988983,0.5656286478042603,0.49495023488998413,0.49300989508628845,0.45372897386550903,0.5438957214355469,0.5274779796600342,0.5130406618118286,0.5312022566795349,0.5498458743095398,0.5899549722671509,0.5028321146965027,0.5860994458198547,0.5537946224212646,0.6589367985725403,0.4888600707054138,0.6611343026161194
106,0.5212202072143555,0.4232425093650818,0.549137532711029,0.4537537097930908,0.550364077091217,0.4962798058986664,0.508647084236145,0.4535578191280365,0.4913082718849182,0.4850553274154663,0.5525800585746765,0.5227546095848083,0.49944913387298584,0.48240870237350464,0.5436767339706421,0.5303293466567993,0.5137161016464233,0.533531904220581,0.5480045080184937,0.5900823473930359,0.5042835474014282,0.5865972638130188,0.5519562363624573,0.6582741737365723,0.49015599489212036,0.6621779799461365
107,0.521554172039032,0.4263928532600403,0.5491973161697388,0.4558284878730774,0.5504273772239685,0.49558591842651367,0.5081568956375122,0.45610305666923523,0.49061113595962524,0.48573267459869385,0.5510966777801514,0.4918069839477539,0.49316316843032837,0.452592134475708,0.544049084186554,0.5323143005371094,0.5139908790588379,0.535995364189148,0.5483349561691284,0.5923268795013428,0.5043655633926392,0.5884182453155518,0.5528007745742798,0.6594361662864685,0.4902549982070923,0.6636712551116943
108,0.5185142159461975,0.41229936480522156,0.5473703742027283,0.43630921840667725,0.5541722774505615,0.4526812732219696,0.5008426308631897,0.44110387563705444,0.4792289435863495,0.44374680519104004,0.5472689867019653,0.4316791296005249,0.47006356716156006,0.40413030982017517,0.54179847240448,0.5228208303451538,0.5107390284538269,0.5279162526130676,0.5482508540153503,0.5855264067649841,0.5014476180076599,0.581899106502533,0.556316077709198,0.6584388017654419,0.4893442392349243,0.657061755657196
109,0.5176411867141724,0.4299752712249756,0.5465882420539856,0.4512794017791748,0.550156831741333,0.4716554582118988,0.5072885751724243,0.45584866404533386,0.4849632978439331,0.4569644331932068,0.543209433555603,0.45647627115249634,0.49175629019737244,0.45189446210861206,0.5435531139373779,0.5271890163421631,0.513651430606842,0.5325629711151123,0.5448802709579468,0.5863404273986816,0.5049275159835815,0.5853545665740967,0.554358184337616,0.6576489210128784,0.4912850856781006,0.660245954990387
110,0.5170549154281616,0.4364607334136963,0.5455074310302734,0.4557739496231079,0.5584555268287659,0.47321510314941406,0.5021440982818604,0.45927906036376953,0.48395687341690063,0.460493266582489,0.5437544584274292,0.4345886707305908,0.47798213362693787,0.41033047437667847,0.5426530838012695,0.5305842161178589,0.5112723708152771,0.5353513956069946,0.5463915467262268,0.5886860489845276,0.5017884969711304,0.5858125686645508,0.5567870736122131,0.6596043109893799,0.49030447006225586,0.6624000072479248
111,0.5168960690498352,0.4301169812679291,0.5437377095222473,0.4531524181365967,0.5481265783309937,0.45440250635147095,0.49939295649528503,0.4540651738643646,0.47728145122528076,0.44777727127075195,0.5427882671356201,0.4085269570350647,0.4693171977996826,0.3403927683830261,0.540790319442749,0.5247144103050232,0.5092616081237793,0.5285224318504333,0.5463082790374756,0.5866097211837769,0.5054886937141418,0.5796884298324585,0.5568945407867432,0.6597346067428589,0.4894323945045471,0.661302924156189
112,0.5188654661178589,0.38304024934768677,0.5402697920799255,0.3935231566429138,0.5451600551605225,0.4250931441783905,0.5027028918266296,0.4008218050003052,0.48825621604919434,0.42888695001602173,0.5395770072937012,0.41055330634117126,0.49780136346817017,0.41650915145874023,0.5369480848312378,0.49031147360801697,0.5070869326591492,0.4916841983795166,0.5426231622695923,0.5722013711929321,0.5049861073493958,0.5732560753822327,0.5516629219055176,0.6597193479537964,0.4905957877635956,0.6540074348449707
113,0.49076521396636963,0.3468669354915619,0.5207194089889526,0.3750789761543274,0.5146042108535767,0.4242994785308838,0.5120428800582886,0.3806285560131073,0.501753568649292,0.4240196645259857,0.5139060020446777,0.41720259189605713,0.5048774480819702,0.41698718070983887,0.5293928384780884,0.48242759704589844,0.5113933682441711,0.48428457975387573,0.5312161445617676,0.5692886710166931,0.5100187063217163,0.5682641863822937,0.5497764945030212,0.6593762636184692,0.4942915439605713,0.6555826663970947
114,0.4916885495185852,0.3451251983642578,0.5215433835983276,0.3733326196670532,0.5144785642623901,0.42352959513664246,0.5122594833374023,0.3785335421562195,0.5014070868492126,0.4227595329284668,0.5140926241874695,0.4166688323020935,0.5050317049026489,0.4162362813949585,0.5286645889282227,0.48096156120300293,0.5106059908866882,0.483048677444458,0.5307080745697021,0.5681289434432983,0.5105595588684082,0.5670982003211975,0.5492126941680908,0.6601086854934692,0.495866984128952,0.6576223969459534
115,0.5233350992202759,0.36670005321502686,0.525921106338501,0.3900384306907654,0.5095990896224976,0.4246302843093872,0.5098327398300171,0.3968599736690521,0.49365484714508057,0.425878643989563,0.5364301204681396,0.3458404541015625,0.5344711542129517,0.3471558690071106,0.5285556316375732,0.48691126704216003,0.5096703171730042,0.48894914984703064,0.5265073180198669,0.5727543830871582,0.5105705261230469,0.5722302198410034,0.5462973713874817,0.6629506349563599,0.4958411157131195,0.660871148109436
116,0.5305896997451782,0.3589974343776703,0.5198562145233154,0.38737940788269043,0.5020884275436401,0.4106370210647583,0.5168880820274353,0.3939612805843353,0.5037577748298645,0.42430979013442993,0.5355470776557922,0.34412944316864014,0.5365784168243408,0.3460340201854706,0.5238574743270874,0.486033171415329,0.514275312423706,0.48832330107688904,0.521940290927887,0.5719335675239563,0.517929196357727,0.5725751519203186,0.5436053276062012,0.6633573770523071,0.5323969125747681,0.6627488136291504
117,0.5333765149116516,0.3609877824783325,0.5074532628059387,0.3914007544517517,0.4973715543746948,0.40962445735931396,0.5336534380912781,0.3953567445278168,0.541706383228302,0.4080302119255066,0.5309819579124451,0.3402639329433441,0.5348162055015564,0.342809796333313,0.5205719470977783,0.4892863631248474,0.5226144790649414,0.49197766184806824,0.5191333293914795,0.5746995210647583,0.5220668911933899,0.5781356692314148,0.5425571203231812,0.664242148399353,0.5345524549484253,0.6639355421066284
118,0.5353403091430664,0.3783052861690521,0.52779221534729,0.40578049421310425,0.5096738934516907,0.4246565103530884,0.5129953026771545,0.4154454469680786,0.4969041049480438,0.4263625144958496,0.5366764068603516,0.3437771499156952,0.5040532350540161,0.4136284291744232,0.5281999111175537,0.5013293027877808,0.5124890208244324,0.504291296005249,0.5355929136276245,0.5787038803100586,0.5139660835266113,0.5811522006988525,0.5500571727752686,0.6604424715042114,0.49781835079193115,0.6645948886871338
119,0.5211668014526367,0.407748281955719,0.5439013242721558,0.4183075428009033,0.5410158634185791,0.4191324710845947,0.5054571628570557,0.4340289533138275,0.4872613549232483,0.4246073365211487,0.5405339598655701,0.3427598476409912,0.4640631377696991,0.34343966841697693,0.5389348864555359,0.50867760181427,0.5088180899620056,0.5132335424423218,0.5416004657745361,0.5846527814865112,0.5042663812637329,0.5785437226295471,0.5510151982307434,0.6627556085586548,0.4925328195095062,0.65935218334198
120,0.5382298231124878,0.3720896244049072,0.5439573526382446,0.39576900005340576,0.5441028475761414,0.39511018991470337,0.5104711651802063,0.41665321588516235,0.4897572696208954,0.42359817028045654,0.5373960137367249,0.3355667293071747,0.46038806438446045,0.3325459361076355,0.5390244722366333,0.5035056471824646,0.5144925713539124,0.5080949664115906,0.5442057251930237,0.5752623081207275,0.5084129571914673,0.5734714269638062,0.5480557680130005,0.6592756509780884,0.4953044652938843,0.6551835536956787
121,0.5243945121765137,0.38642483949661255,0.5457293391227722,0.3924333453178406,0.5435643196105957,0.404484361410141,0.5042499303817749,0.4137412905693054,0.4688858389854431,0.4122850298881531,0.5370091795921326,0.3383887708187103,0.46513649821281433,0.3374716639518738,0.5403752326965332,0.49998146295547485,0.5076175928115845,0.502184271812439,0.5377020835876465,0.5755124092102051,0.5046812891960144,0.5693243145942688,0.5503692626953125,0.6604616641998291,0.4911494255065918,0.6576540470123291
122,0.5248045921325684,0.38850244879722595,0.5415188074111938,0.40701520442962646,0.5136633515357971,0.4244692325592041,0.5099549293518066,0.4184444546699524,0.49123531579971313,0.4269365072250366,0.5361397862434387,0.337283730506897,0.5020237565040588,0.41493624448776245,0.5390358567237854,0.4986066222190857,0.5104484558105469,0.5045503377914429,0.5417889952659607,0.5741319060325623,0.5071011781692505,0.5722453594207764,0.5479706525802612,0.661638617515564,0.4948272407054901,0.6615716218948364
123,0.525823175907135,0.3967429995536804,0.5418549180030823,0.4141508936882019,0.5258657336235046,0.4256318509578705,0.5130078196525574,0.4253694415092468,0.4942170977592468,0.4293228089809418,0.5382444858551025,0.3387749195098877,0.5037769675254822,0.414490669965744,0.5409500002861023,0.5038807392120361,0.5128509402275085,0.5098108053207397,0.5414218902587891,0.5760668516159058,0.5078585743904114,0.5748432874679565,0.5479109883308411,0.6617762446403503,0.4962739646434784,0.6621577739715576
124,0.5192413330078125,0.4054151475429535,0.5472238659858704,0.4305541515350342,0.5438435673713684,0.4262428283691406,0.5127354264259338,0.42931443452835083,0.49587056040763855,0.43148529529571533,0.531489372253418,0.40741223096847534,0.5031677484512329,0.4149075746536255,0.5448865294456482,0.5074646472930908,0.513468325138092,0.512643575668335,0.5436596870422363,0.5760055184364319,0.5073667168617249,0.5738472938537598,0.5495287179946899,0.6612787842750549,0.49681413173675537,0.6607799530029297
125,0.5189065933227539,0.393970787525177,0.5423461198806763,0.4095728099346161,0.5292508602142334,0.4240759015083313,0.5140420198440552,0.41981133818626404,0.5020376443862915,0.42779308557510376,0.5290560722351074,0.40894684195518494,0.5039383172988892,0.4160943627357483,0.541763186454773,0.5022609233856201,0.5191575288772583,0.5060819387435913,0.5426535606384277,0.5748265981674194,0.5085941553115845,0.5723140239715576,0.5485415458679199,0.6608076095581055,0.4961943030357361,0.6584326028823853
126,0.5218139886856079,0.41261619329452515,0.5473273992538452,0.4359210729598999,0.5447477698326111,0.4468081593513489,0.5085247159004211,0.44136402010917664,0.4834479093551636,0.43812650442123413,0.5325254201889038,0.4079498052597046,0.49114343523979187,0.4131084382534027,0.5441852807998657,0.5189589858055115,0.5141264200210571,0.522781491279602,0.5462532639503479,0.5798249244689941,0.5056425333023071,0.5770512223243713,0.5529751777648926,0.6579163670539856,0.4951009452342987,0.6623009443283081
127,0.5248176455497742,0.41258570551872253,0.5405374765396118,0.4353145956993103,0.525316059589386,0.423999160528183,0.5270004868507385,0.438574880361557,0.5038220882415771,0.4264861047267914,0.5226324796676636,0.40882182121276855,0.5122398734092712,0.3930421471595764,0.5348870158195496,0.5214476585388184,0.5219939947128296,0.521969199180603,0.5411868691444397,0.5813310146331787,0.5081954598426819,0.5779829025268555,0.5463871955871582,0.6625546216964722,0.49820372462272644,0.6580324769020081
128,0.5227333307266235,0.4068378210067749,0.5490767359733582,0.4191846549510956,0.5467793941497803,0.4210805296897888,0.5065269470214844,0.43399280309677124,0.48198193311691284,0.4263775050640106,0.5425313115119934,0.33341020345687866,0.47992753982543945,0.33110105991363525,0.5450747609138489,0.5043981671333313,0.5111384391784668,0.5087093114852905,0.5462796092033386,0.577088475227356,0.5061620473861694,0.5758111476898193,0.5564060807228088,0.6590421795845032,0.49360641837120056,0.6630589962005615
129,0.5236583948135376,0.40135809779167175,0.5512524247169495,0.4197882115840912,0.5486973524093628,0.4264697730541229,0.5114285349845886,0.4290226101875305,0.49917280673980713,0.4301593005657196,0.5449317097663879,0.3303612172603607,0.5039355754852295,0.4173094630241394,0.5483934879302979,0.506517767906189,0.5142494440078735,0.510665774345398,0.5470887422561646,0.5755160450935364,0.5055988430976868,0.5757361054420471,0.5518862009048462,0.6614574193954468,0.49557191133499146,0.6641870737075806
130,0.5212185382843018,0.4223460555076599,0.5541882514953613,0.45164307951927185,0.5595871210098267,0.4814566373825073,0.504669189453125,0.4544358253479004,0.48456236720085144,0.4427812695503235,0.5347809791564941,0.43947166204452515,0.47909876704216003,0.3910956382751465,0.5490829944610596,0.530007004737854,0.5142351388931274,0.5323425531387329,0.5505689978599548,0.5879243612289429,0.5038430094718933,0.5851330161094666,0.5576683282852173,0.6620171070098877,0.4901120364665985,0.6598771214485168
131,0.515238881111145,0.39377689361572266,0.5247405767440796,0.4287000894546509,0.5061871409416199,0.4322260022163391,0.5291203260421753,0.4333266615867615,0.5218271017074585,0.4450710415840149,0.5058808326721191,0.4191538095474243,0.5088858604431152,0.41864562034606934,0.5311321020126343,0.5151888132095337,0.52696293592453,0.5171133279800415,0.523886501789093,0.577709972858429,0.5256228446960449,0.5800415873527527,0.5411195158958435,0.6618603467941284,0.5376205444335938,0.6630347967147827
132,0.5217403173446655,0.3980696201324463,0.5430170297622681,0.4223630130290985,0.5457620620727539,0.4284055233001709,0.5017955303192139,0.42681270837783813,0.4821676015853882,0.42019912600517273,0.5385051965713501,0.3862137198448181,0.47393155097961426,0.3820517063140869,0.5443471074104309,0.5181412100791931,0.5111289024353027,0.5168856382369995,0.5459582209587097,0.5835385918617249,0.5021717548370361,0.578565776348114,0.5502346754074097,0.6616808176040649,0.4902937114238739,0.6624367833137512
133,0.5133398771286011,0.4079361855983734,0.5363921523094177,0.43750035762786865,0.5430281162261963,0.42752963304519653,0.5006998777389526,0.438712477684021,0.4828525185585022,0.4284895360469818,0.5302903652191162,0.39249980449676514,0.46791476011276245,0.3185906708240509,0.540712296962738,0.5225470066070557,0.5099450945854187,0.5247607827186584,0.5416046380996704,0.5858373641967773,0.50141841173172,0.5838015079498291,0.5477219820022583,0.6614199876785278,0.48791491985321045,0.6586747765541077
134,0.5186502933502197,0.39208635687828064,0.5365509986877441,0.41927504539489746,0.5429372787475586,0.4013826549053192,0.5095623731613159,0.4232521951198578,0.49975138902664185,0.40755367279052734,0.5379767417907715,0.358760803937912,0.4628377854824066,0.3252659738063812,0.5415054559707642,0.5085083246231079,0.5137069821357727,0.5116077065467834,0.5409093499183655,0.580168604850769,0.5034637451171875,0.5797938108444214,0.5456206202507019,0.659302830696106,0.49185389280319214,0.6642494201660156
135,0.5089503526687622,0.36515817046165466,0.510703444480896,0.39319300651550293,0.5111104846000671,0.4333595931529999,0.5263892412185669,0.406284898519516,0.5128135085105896,0.3962704837322235,0.5150660872459412,0.4560070037841797,0.504467248916626,0.39214634895324707,0.5301237106323242,0.49689781665802,0.5261025428771973,0.4997420310974121,0.5205973386764526,0.5754327178001404,0.5183078646659851,0.5773266553878784,0.5378038287162781,0.6585297584533691,0.5010125637054443,0.6582537889480591
136,0.5137029886245728,0.38801079988479614,0.5322825908660889,0.415411114692688,0.5401768684387207,0.39946943521499634,0.5108603239059448,0.4187231957912445,0.50177001953125,0.40390104055404663,0.5345167517662048,0.35740455985069275,0.4580117166042328,0.32773828506469727,0.5348899364471436,0.5056012272834778,0.5139100551605225,0.5068114399909973,0.5392693877220154,0.5748797655105591,0.5016350746154785,0.578346312046051,0.5471274852752686,0.6618398427963257,0.49295660853385925,0.6634798049926758
137,0.5122334957122803,0.3745599687099457,0.5056707859039307,0.39980968832969666,0.5026005506515503,0.39888304471969604,0.5317691564559937,0.39996522665023804,0.5396578311920166,0.3958578109741211,0.5012755393981934,0.38757166266441345,0.5286649465560913,0.36786970496177673,0.5220789909362793,0.4964616894721985,0.5276892781257629,0.4997522234916687,0.5162050127983093,0.5714130401611328,0.5222406387329102,0.5763449668884277,0.5041691064834595,0.6524737477302551,0.5026772022247314,0.653572678565979
138,0.5099705457687378,0.36842605471611023,0.5085604190826416,0.39303016662597656,0.5019017457962036,0.3733425736427307,0.5244330167770386,0.3970862030982971,0.5254638195037842,0.3726937770843506,0.4544880986213684,0.31262028217315674,0.535993754863739,0.30222129821777344,0.5208615660667419,0.48383766412734985,0.5237802863121033,0.4885323643684387,0.516644299030304,0.5697933435440063,0.5201489329338074,0.5756199955940247,0.5047432780265808,0.6554691791534424,0.5025472640991211,0.6581318378448486
139,0.519240140914917,0.37605494260787964,0.5118595361709595,0.4025132358074188,0.5094679594039917,0.3738279342651367,0.5289263725280762,0.4038359522819519,0.5414458513259888,0.3699265122413635,0.46125513315200806,0.3152753710746765,0.5397254228591919,0.3342606723308563,0.5192829966545105,0.5001727342605591,0.5270293951034546,0.5031862258911133,0.5207079648971558,0.5795689225196838,0.5247536897659302,0.5830211043357849,0.5047765970230103,0.661068856716156,0.5035984516143799,0.6641605496406555
140,0.4792400300502777,0.29709017276763916,0.47018271684646606,0.3083149194717407,0.45858511328697205,0.32546111941337585,0.5425418615341187,0.3107556402683258,0.5269094705581665,0.3395555913448334,0.49573418498039246,0.35158246755599976,0.5458579063415527,0.5073725581169128,0.508722186088562,0.4985242784023285,0.5380706787109375,0.5007946491241455,0.5137348175048828,0.575855016708374,0.5411883592605591,0.5755835175514221,0.5069652199745178,0.6571483016014099,0.5445865392684937,0.6561557054519653
141,0.5061395168304443,0.3323988914489746,0.4842908978462219,0.36518537998199463,0.4970012605190277,0.3687666356563568,0.5406054258346558,0.36323124170303345,0.5513312816619873,0.36388564109802246,0.49680787324905396,0.35423046350479126,0.5243799686431885,0.3543938994407654,0.5037552118301392,0.4760207533836365,0.5446086525917053,0.47920092940330505,0.49984896183013916,0.5650426149368286,0.5333300828933716,0.5655133724212646,0.49464482069015503,0.6482248306274414,0.5355411171913147,0.6500139236450195
142,0.47752875089645386,0.2876126170158386,0.4802863597869873,0.3063811659812927,0.5062512159347534,0.3434593677520752,0.5406355261802673,0.30943554639816284,0.5231577754020691,0.3421340584754944,0.4928555190563202,0.3561069667339325,0.5036581754684448,0.354988694190979,0.5124367475509644,0.450376957654953,0.5314246416091919,0.45291680097579956,0.5084346532821655,0.5498120784759521,0.5205326080322266,0.5469396114349365,0.4996756911277771,0.6484963893890381,0.5318418741226196,0.6486276388168335
143,0.47982263565063477,0.2868531346321106,0.47487980127334595,0.3027886748313904,0.4607480466365814,0.3255857527256012,0.5451269149780273,0.3038090467453003,0.5503606796264648,0.3273056149482727,0.4873325228691101,0.353771448135376,0.5048297643661499,0.3534814715385437,0.5008779168128967,0.3806101679801941,0.5170680284500122,0.38242146372795105,0.4966180920600891,0.45631346106529236,0.518766462802887,0.46275651454925537,0.5058242082595825,0.512143611907959,0.5295286178588867,0.5474610328674316
144,0.48242658376693726,0.2823275923728943,0.48368847370147705,0.30321359634399414,0.4667457044124603,0.32621049880981445,0.5472045540809631,0.30488717555999756,0.5481221079826355,0.3397190272808075,0.4853748679161072,0.36325570940971375,0.5264493227005005,0.36614876985549927,0.5083537101745605,0.4379692077636719,0.5310779213905334,0.43952757120132446,0.5046825408935547,0.5542433857917786,0.523883044719696,0.5588036775588989,0.5001232624053955,0.6502306461334229,0.5049993395805359,0.6505959630012512
145,0.48576420545578003,0.28465935587882996,0.5040255784988403,0.3086589276790619,0.5133919715881348,0.34819719195365906,0.5400335788726807,0.30808037519454956,0.5192850828170776,0.3467065095901489,0.5000014901161194,0.3612003028392792,0.5032076835632324,0.36101099848747253,0.5227574110031128,0.43482279777526855,0.522144079208374,0.4380874037742615,0.517954409122467,0.5470357537269592,0.5197676420211792,0.5531600713729858,0.5423016548156738,0.6520389318466187,0.5250083804130554,0.628776490688324
146,0.5100388526916504,0.26357799768447876,0.5371737480163574,0.2926158010959625,0.5366476774215698,0.334489107131958,0.5079858303070068,0.29923686385154724,0.496879905462265,0.34582215547561646,0.516076385974884,0.3617398738861084,0.4899905323982239,0.368889182806015,0.5309534668922424,0.41844138503074646,0.5042490363121033,0.42066794633865356,0.5347274541854858,0.5305091142654419,0.5056828856468201,0.5327441096305847,0.544490396976471,0.6344908475875854,0.4959656596183777,0.6297361850738525
147,0.48414576053619385,0.26861491799354553,0.5013227462768555,0.2887953221797943,0.503949761390686,0.34300392866134644,0.543920636177063,0.28846681118011475,0.5448596477508545,0.32376858592033386,0.49412819743156433,0.3682968020439148,0.5070544481277466,0.36599165201187134,0.5107450485229492,0.4128727912902832,0.5251942873001099,0.4139847755432129,0.5135396718978882,0.51458340883255,0.5234509706497192,0.5150761604309082,0.5068982243537903,0.5840388536453247,0.5191550254821777,0.5769046545028687
148,0.4797559976577759,0.26609566807746887,0.49969321489334106,0.28288131952285767,0.5033625960350037,0.33019310235977173,0.5381444692611694,0.28407537937164307,0.5150856375694275,0.3401952385902405,0.4930391311645508,0.3724327087402344,0.500605583190918,0.37020355463027954,0.5070394277572632,0.4125109314918518,0.5131990313529968,0.41434773802757263,0.5083860158920288,0.5147669315338135,0.5196669697761536,0.5153288841247559,0.5062026381492615,0.6151263117790222,0.5164411664009094,0.5936313271522522
149,0.4999256730079651,0.2542128562927246,0.5071991682052612,0.2795725464820862,0.5129556655883789,0.3332698345184326,0.5106321573257446,0.2870546579360962,0.5007519721984863,0.3438413739204407,0.4993804693222046,0.3719090223312378,0.48922789096832275,0.3708654046058655,0.515720009803772,0.4162927269935608,0.5053650140762329,0.41737037897109985,0.5159363746643066,0.5171775817871094,0.5073954463005066,0.5200942158699036,0.5210509300231934,0.6168570518493652,0.49978476762771606,0.6122037172317505
150,0.5019076466560364,0.2563246488571167,0.5036896467208862,0.28364214301109314,0.5109007358551025,0.34679222106933594,0.5148752331733704,0.29096442461013794,0.50737464427948,0.34516453742980957,0.4996483027935028,0.37167057394981384,0.496316522359848,0.3721725642681122,0.5108112096786499,0.422274112701416,0.5078256130218506,0.42340609431266785,0.5079779624938965,0.5326120853424072,0.5119036436080933,0.5356897711753845,0.5023905038833618,0.6408823132514954,0.5034815669059753,0.638617753982544
151,0.5057916045188904,0.26378053426742554,0.5062060356140137,0.2900703251361847,0.5137768387794495,0.3469482660293579,0.5168911218643188,0.2954726219177246,0.5103490352630615,0.34519824385643005,0.5022773742675781,0.3724348247051239,0.49921178817749023,0.3723418116569519,0.5127391815185547,0.41871774196624756,0.5078015327453613,0.41946542263031006,0.5154656171798706,0.5295000076293945,0.5121297836303711,0.5319621562957764,0.5207382440567017,0.619971513748169,0.5005786418914795,0.6365094780921936
152,0.5023121237754822,0.2656404972076416,0.49774619936943054,0.28849294781684875,0.5032755732536316,0.34456321597099304,0.5398939847946167,0.2887800335884094,0.5426902174949646,0.33678269386291504,0.4993198812007904,0.3727266192436218,0.5130560994148254,0.3712725043296814,0.5048978328704834,0.41822993755340576,0.5244156122207642,0.4196562170982361,0.5101653337478638,0.5246150493621826,0.525660514831543,0.5360007286071777,0.5012164115905762,0.6399131417274475,0.5269290208816528,0.6187847256660461
153,0.5021625757217407,0.2716256380081177,0.49811309576034546,0.29534226655960083,0.504302978515625,0.3484865427017212,0.5379245281219482,0.2962718605995178,0.5216175317764282,0.3463546633720398,0.49886879324913025,0.3700682818889618,0.5095729827880859,0.3695690631866455,0.5052823424339294,0.4214935302734375,0.5137850642204285,0.42338427901268005,0.5100343227386475,0.534064531326294,0.520974338054657,0.5377157926559448,0.5053267478942871,0.6378527283668518,0.5191100835800171,0.6166394948959351
154,0.47630417346954346,0.2729848623275757,0.48161131143569946,0.2847888171672821,0.503588080406189,0.3399367928504944,0.5370153188705444,0.2884594798088074,0.5215996503829956,0.3382696509361267,0.4999183118343353,0.35832342505455017,0.5108701586723328,0.3578736484050751,0.5043635964393616,0.4139168858528137,0.5219899415969849,0.42935603857040405,0.5085879564285278,0.537243664264679,0.5192489624023438,0.5389320254325867,0.50599205493927,0.6348469853401184,0.5163776278495789,0.625015914440155
155,0.5032367706298828,0.26546213030815125,0.5202680826187134,0.2827299237251282,0.5225074887275696,0.32930734753608704,0.5131351947784424,0.29030489921569824,0.5071638822555542,0.3415416479110718,0.5119752287864685,0.36740607023239136,0.5027065277099609,0.36801761388778687,0.5188981294631958,0.4037887454032898,0.5078772902488708,0.40678083896636963,0.5181620121002197,0.5089684724807739,0.5152378082275391,0.5116239786148071,0.5228954553604126,0.6139190793037415,0.5131847262382507,0.590664267539978
156,0.5037625432014465,0.26181161403656006,0.4723092317581177,0.2842480540275574,0.49734532833099365,0.32366761565208435,0.5468436479568481,0.28812262415885925,0.5513697862625122,0.31994152069091797,0.4964098334312439,0.3541897237300873,0.5274210572242737,0.35609716176986694,0.5024148225784302,0.38168865442276,0.5281468033790588,0.3852631747722626,0.4905552566051483,0.3805007338523865,0.5325549840927124,0.3789082169532776,0.4892568290233612,0.38998717069625854,0.5444520711898804,0.49872326850891113
157,0.27052316069602966,0.44341787695884705,0.2705894112586975,0.4520583748817444,0.2747582495212555,0.46897226572036743,0.26881593465805054,0.4519103169441223,0.26491397619247437,0.47132501006126404,0.27157747745513916,0.482788622379303,0.266023188829422,0.48411375284194946,0.27703768014907837,0.48672741651535034,0.27482855319976807,0.4884427785873413,0.2721078395843506,0.5036205053329468,0.27017277479171753,0.5032891035079956,0.27017098665237427,0.5148314833641052,0.26333141326904297,0.5174285173416138
158,0.2709321081638336,0.4428724944591522,0.2704794108867645,0.45341941714286804,0.27535539865493774,0.4694764018058777,0.2729399800300598,0.454853355884552,0.26417824625968933,0.4714577794075012,0.27011778950691223,0.4852311611175537,0.26358741521835327,0.4860295057296753,0.2764352262020111,0.492296427488327,0.27361345291137695,0.49052807688713074,0.27234047651290894,0.5056033134460449,0.2685004472732544,0.5052469968795776,0.2692275941371918,0.5160269737243652,0.26115530729293823,0.5187216997146606
159,0.2760010063648224,0.44875842332839966,0.27094802260398865,0.45391327142715454,0.27606144547462463,0.4705025851726532,0.27255505323410034,0.455680787563324,0.26013803482055664,0.47417423129081726,0.2712860703468323,0.48502588272094727,0.2646651864051819,0.48588496446609497,0.2766229510307312,0.49327537417411804,0.2739485502243042,0.49141907691955566,0.27255937457084656,0.5076992511749268,0.2690563499927521,0.507526695728302,0.2654966413974762,0.5188785195350647,0.26290401816368103,0.519489049911499
160,0.2739385962486267,0.4449252486228943,0.27196985483169556,0.45408254861831665,0.2759610414505005,0.4703483581542969,0.2701627016067505,0.45319923758506775,0.2606150507926941,0.4736355245113373,0.2718425393104553,0.48386114835739136,0.26559069752693176,0.4845428168773651,0.27763819694519043,0.49257272481918335,0.27539512515068054,0.49100837111473083,0.27354753017425537,0.5086670517921448,0.27062052488327026,0.5081237554550171,0.2661457061767578,0.5199835300445557,0.263823002576828,0.5205056667327881
161,0.2752213478088379,0.44670602679252625,0.2733151316642761,0.4559200704097748,0.27390608191490173,0.4728055000305176,0.26994994282722473,0.45411261916160583,0.2606998085975647,0.47512632608413696,0.2739247679710388,0.48448511958122253,0.26636606454849243,0.48477935791015625,0.2786311209201813,0.49546682834625244,0.2748641073703766,0.4943818747997284,0.2768220901489258,0.5188101530075073,0.2705923616886139,0.5123852491378784,0.2770538330078125,0.5318763256072998,0.26532837748527527,0.5238823890686035
162,0.27806729078292847,0.4492764174938202,0.2775452733039856,0.4559732675552368,0.2811819016933441,0.47079703211784363,0.275763601064682,0.45702704787254333,0.2620871961116791,0.4743725061416626,0.27786654233932495,0.4857347011566162,0.2702164053916931,0.4862091541290283,0.2809344232082367,0.49496036767959595,0.27657854557037354,0.49415844678878784,0.28099435567855835,0.5181199312210083,0.2728884220123291,0.5102689862251282,0.2823694944381714,0.5349329710006714,0.27045556902885437,0.5244085192680359
163,0.46780237555503845,0.28864598274230957,0.5322197079658508,0.2904643416404724,0.5200743675231934,0.33787116408348083,0.5031106472015381,0.3337520956993103,0.5070390701293945,0.33979594707489014,0.515731692314148,0.34977322816848755,0.5057395696640015,0.352352112531662,0.5229824185371399,0.4713638722896576,0.5075797438621521,0.47669655084609985,0.5102224946022034,0.5711908340454102,0.501429557800293,0.5717451572418213,0.5047893524169922,0.6595366597175598,0.49879318475723267,0.6590274572372437
164,0.4669911861419678,0.2875838279724121,0.5325285196304321,0.29101648926734924,0.5221102237701416,0.3261173963546753,0.5105414986610413,0.31169605255126953,0.5145308971405029,0.32876190543174744,0.5162463188171387,0.3484461009502411,0.5088807344436646,0.3503064513206482,0.513742983341217,0.3764384686946869,0.5074023604393005,0.37890180945396423,0.5136102437973022,0.38409289717674255,0.5090859532356262,0.38633185625076294,0.5065065622329712,0.65379798412323,0.5025290250778198,0.6529202461242676
165,0.4698929190635681,0.286421000957489,0.5361870527267456,0.2929133176803589,0.5264942646026611,0.34156185388565063,0.5089623928070068,0.3366631269454956,0.5144824981689453,0.34264683723449707,0.5173041224479675,0.35444509983062744,0.5083802938461304,0.355429470539093,0.5252083539962769,0.45610401034355164,0.5180360078811646,0.45923030376434326,0.5180730819702148,0.5563585758209229,0.5078057050704956,0.5576926469802856,0.5099717378616333,0.6597539186477661,0.5014695525169373,0.6592155694961548
166,0.4679868221282959,0.3054129481315613,0.5225614309310913,0.34628164768218994,0.5328830480575562,0.3503851890563965,0.51347815990448,0.3504788875579834,0.5204042196273804,0.35240691900253296,0.5220814943313599,0.35717904567718506,0.513034462928772,0.35829049348831177,0.5272037982940674,0.48058611154556274,0.5185458064079285,0.4824468791484833,0.5191860795021057,0.5656147599220276,0.5078768134117126,0.5657342672348022,0.5345816016197205,0.653122067451477,0.5037953853607178,0.6557098031044006
167,0.4594663381576538,0.29654520750045776,0.5015323162078857,0.3356025815010071,0.5136751532554626,0.3474752604961395,0.5161693692207336,0.3380998373031616,0.5258240699768066,0.34819337725639343,0.5037801861763,0.3579515814781189,0.5113537311553955,0.3574374318122864,0.5075067281723022,0.3840751349925995,0.5216829776763916,0.45844197273254395,0.5032751560211182,0.5527604222297668,0.5161252021789551,0.5492264032363892,0.50428706407547,0.6507617235183716,0.5229793190956116,0.649242639541626
168,0.498987078666687,0.3444983661174774,0.5157068967819214,0.36993107199668884,0.5176172256469727,0.36538636684417725,0.500548243522644,0.3791130483150482,0.5014275312423706,0.36824870109558105,0.506493330001831,0.4835283160209656,0.4980647563934326,0.48234623670578003,0.5190507769584656,0.487088680267334,0.5046941041946411,0.49171990156173706,0.5129790306091309,0.575624942779541,0.4981998801231384,0.5759086608886719,0.5092794895172119,0.6672019958496094,0.4934159219264984,0.6646335124969482
169,0.5009492635726929,0.34371060132980347,0.5114860534667969,0.3675845265388489,0.5206542015075684,0.3625417649745941,0.5100717544555664,0.37196797132492065,0.5151817798614502,0.36508116126060486,0.504725456237793,0.3610914349555969,0.5045193433761597,0.4602575898170471,0.5253570675849915,0.49705076217651367,0.5189188122749329,0.49857908487319946,0.5163850784301758,0.5696362257003784,0.5068267583847046,0.5671114921569824,0.5096534490585327,0.6560462713241577,0.5048274993896484,0.6545383930206299
170,0.4914488196372986,0.35651499032974243,0.5256487131118774,0.38405653834342957,0.5299988389015198,0.379524827003479,0.4864407479763031,0.3898220956325531,0.5009150505065918,0.3801233172416687,0.5057228803634644,0.3571370542049408,0.4706864356994629,0.3734227418899536,0.5301613211631775,0.4909254014492035,0.5041924715042114,0.4939787983894348,0.5258124470710754,0.5747745633125305,0.5001931190490723,0.5729494690895081,0.5410560369491577,0.6630147695541382,0.4928283095359802,0.6627119779586792
171,0.49760574102401733,0.36978012323379517,0.5182093977928162,0.39474257826805115,0.5225456953048706,0.3683658540248871,0.5048967599868774,0.4025305509567261,0.5064911842346191,0.3814500570297241,0.5022647380828857,0.3541780710220337,0.4933311641216278,0.3552744388580322,0.5256919264793396,0.4898701608181,0.5105496644973755,0.49426358938217163,0.52613365650177,0.5768351554870605,0.5080094933509827,0.5793672204017639,0.541196346282959,0.6622530221939087,0.4982849359512329,0.6613701581954956
172,0.5002965927124023,0.38091763854026794,0.5383981466293335,0.4105197787284851,0.5727932453155518,0.3713568449020386,0.4817294776439667,0.4106175899505615,0.43267112970352173,0.37191256880760193,0.5806519985198975,0.3228043019771576,0.4148026406764984,0.3276796042919159,0.5347722768783569,0.5049128532409668,0.4964064359664917,0.5063813328742981,0.5346231460571289,0.5837634801864624,0.49921679496765137,0.5766833424568176,0.5460172891616821,0.6602672338485718,0.4921557605266571,0.6585493087768555
173,0.5085973739624023,0.3706117272377014,0.5398578643798828,0.4020722806453705,0.545109748840332,0.4028848111629486,0.48923835158348083,0.4010694921016693,0.4598093628883362,0.40056657791137695,0.5189542174339294,0.368553102016449,0.42015108466148376,0.3439731299877167,0.534603476524353,0.49497830867767334,0.49621522426605225,0.4954856336116791,0.5308141708374023,0.5800127387046814,0.4988996684551239,0.5737848281860352,0.5467780232429504,0.6620419025421143,0.49036651849746704,0.6605202555656433
174,0.515274703502655,0.36273276805877686,0.5484970211982727,0.3979000747203827,0.5686911940574646,0.4059738516807556,0.49248528480529785,0.3919771909713745,0.4636076092720032,0.39800411462783813,0.5202720761299133,0.36601871252059937,0.48506009578704834,0.3630221486091614,0.5386132597923279,0.4921197295188904,0.49716800451278687,0.4921512007713318,0.5358089208602905,0.5786144137382507,0.4993096590042114,0.5815925598144531,0.5492005944252014,0.6673691272735596,0.48936939239501953,0.6653283834457397
175,0.5090818405151367,0.3708486557006836,0.5393784046173096,0.39872175455093384,0.5617581605911255,0.4236554801464081,0.49015891551971436,0.3976055383682251,0.4697939157485962,0.42691144347190857,0.5457830429077148,0.3990100026130676,0.47595474123954773,0.4030960500240326,0.5352138876914978,0.5007729530334473,0.49087148904800415,0.5018555521965027,0.5346646308898926,0.5850450396537781,0.49131661653518677,0.581619381904602,0.54872065782547,0.6655395030975342,0.48667630553245544,0.6665937900543213
176,0.5071808695793152,0.3711141347885132,0.531726598739624,0.40413516759872437,0.539139986038208,0.45855116844177246,0.5021644830703735,0.40477442741394043,0.48734718561172485,0.4507633149623871,0.5699640512466431,0.45396825671195984,0.49494630098342896,0.4623675048351288,0.5327903032302856,0.5005375146865845,0.4986053705215454,0.5004982948303223,0.529053807258606,0.582546591758728,0.4973660707473755,0.5823347568511963,0.546445906162262,0.66438227891922,0.49181950092315674,0.6659004092216492
177,0.5066105127334595,0.36999237537384033,0.5402657985687256,0.4028211534023285,0.5634044408798218,0.4472728967666626,0.49274274706840515,0.40626129508018494,0.47914010286331177,0.44554564356803894,0.6004114151000977,0.4699832797050476,0.4857925772666931,0.4778955578804016,0.5328813195228577,0.49780845642089844,0.4940527677536011,0.5008563995361328,0.5353748798370361,0.580943763256073,0.4927988648414612,0.5796647071838379,0.5494784712791443,0.6702277064323425,0.48656630516052246,0.6620323061943054
178,0.5064277648925781,0.372850626707077,0.5385652780532837,0.40693968534469604,0.5615789890289307,0.4487864673137665,0.4964981973171234,0.41136428713798523,0.46958744525909424,0.45196449756622314,0.6013932824134827,0.4811802804470062,0.45912131667137146,0.4818868637084961,0.5329484939575195,0.4994807243347168,0.4953855276107788,0.5002447962760925,0.538475513458252,0.5842026472091675,0.49847957491874695,0.5803430080413818,0.550173282623291,0.6640196442604065,0.49141645431518555,0.666627049446106
179,0.5019783973693848,0.37389883399009705,0.4989470839500427,0.4101352095603943,0.467818945646286,0.45719215273857117,0.5407480001449585,0.40908950567245483,0.5706894993782043,0.4562537670135498,0.4448343515396118,0.491757333278656,0.5964995622634888,0.5040079355239868,0.4959897994995117,0.4974662661552429,0.5359474420547485,0.49755391478538513,0.49337121844291687,0.5843728184700012,0.5430908799171448,0.587332010269165,0.4896882474422455,0.6654456853866577,0.5487841963768005,0.6642962694168091
180,0.5055897235870361,0.368633508682251,0.5328624844551086,0.40351662039756775,0.5562232732772827,0.4493216276168823,0.4994693398475647,0.40922731161117554,0.4700160026550293,0.45074304938316345,0.5960081219673157,0.48874521255493164,0.4469417333602905,0.483142614364624,0.5352475047111511,0.4966908097267151,0.5037258863449097,0.496916264295578,0.5405566096305847,0.5860139727592468,0.4952722191810608,0.5883742570877075,0.5505480766296387,0.6665339469909668,0.4967941641807556,0.6669509410858154
181,0.5055904388427734,0.37136512994766235,0.5018413066864014,0.4051760137081146,0.4758235216140747,0.45375704765319824,0.5257259607315063,0.4036518335342407,0.5481142997741699,0.45288193225860596,0.4569154679775238,0.4893283247947693,0.5659501552581787,0.49207910895347595,0.501630425453186,0.49719858169555664,0.5240040421485901,0.4952484369277954,0.5004849433898926,0.587697446346283,0.530760645866394,0.586239218711853,0.4966163635253906,0.6708511114120483,0.5439553260803223,0.6647773385047913
182,0.5092437267303467,0.3697909712791443,0.5340186953544617,0.40500590205192566,0.5548211932182312,0.4578063488006592,0.49187347292900085,0.4066699743270874,0.47095149755477905,0.4511772096157074,0.5505595803260803,0.49736422300338745,0.4694545269012451,0.49536117911338806,0.5380353331565857,0.49993035197257996,0.4956286549568176,0.49911874532699585,0.543435275554657,0.5780041217803955,0.4967689514160156,0.5843996405601501,0.5533965826034546,0.6648126840591431,0.4891468286514282,0.6651790738105774
183,0.5093634724617004,0.36955612897872925,0.5380494594573975,0.40632137656211853,0.5654057264328003,0.4621686339378357,0.49160635471343994,0.4078946113586426,0.473332017660141,0.4532322287559509,0.5779933929443359,0.49620336294174194,0.4726543426513672,0.49804484844207764,0.5389008522033691,0.5020319819450378,0.4970950484275818,0.503010630607605,0.5478001832962036,0.5760422945022583,0.49876007437705994,0.5786337852478027,0.554883599281311,0.6606259346008301,0.49107903242111206,0.6597196459770203
184,0.5066338777542114,0.3688199520111084,0.5356271266937256,0.40734121203422546,0.5589475631713867,0.46337538957595825,0.4921111464500427,0.4070025682449341,0.4736418128013611,0.46319520473480225,0.5907784104347229,0.5008854866027832,0.47979554533958435,0.4982765316963196,0.541450023651123,0.502148449420929,0.49840018153190613,0.5020067691802979,0.5435397624969482,0.5812506675720215,0.4955652952194214,0.5795011520385742,0.5519880056381226,0.6658872365951538,0.4892660975456238,0.6645062565803528
185,0.5074372887611389,0.36847782135009766,0.5362851023674011,0.4063218832015991,0.5672198534011841,0.46370071172714233,0.49117645621299744,0.406167596578598,0.47382307052612305,0.46215948462486267,0.5878621935844421,0.4989509582519531,0.4808197021484375,0.4994090795516968,0.5414779186248779,0.5018591284751892,0.49868106842041016,0.5021129250526428,0.5457794666290283,0.5765727758407593,0.49907466769218445,0.5871737003326416,0.5531802177429199,0.6659530401229858,0.49031028151512146,0.6633085012435913
186,0.5075057744979858,0.3708692491054535,0.5372295379638672,0.40703949332237244,0.5679529309272766,0.46361082792282104,0.49153900146484375,0.4078899323940277,0.4765823781490326,0.4650045335292816,0.5813843011856079,0.49812501668930054,0.4852551221847534,0.49860209226608276,0.5410730242729187,0.500442624092102,0.4980578124523163,0.5013159513473511,0.5480147004127502,0.5757848024368286,0.4994175434112549,0.5849555730819702,0.5545705556869507,0.6620569229125977,0.49145036935806274,0.6606051921844482
187,0.5080105662345886,0.370776891708374,0.5390228629112244,0.4093566834926605,0.5671753287315369,0.46589457988739014,0.49147868156433105,0.4086061418056488,0.4742790460586548,0.4588533341884613,0.5822421312332153,0.5088860392570496,0.4784530997276306,0.5019544363021851,0.5386949181556702,0.5039212703704834,0.4957718849182129,0.5047130584716797,0.5473876595497131,0.5767800807952881,0.4945354461669922,0.5778830051422119,0.5546255111694336,0.662351131439209,0.48823148012161255,0.6616120338439941
