FrameNo,head_x,head_y,left_shoulder_x,left_shoulder_y,left_elbow_x,left_elbow_y,right_shoulder_x,right_shoulder_y,right_elbow_x,right_elbow_y,left_hand_x,left_hand_y,right_hand_x,right_hand_y,left_hip_x,left_hip_y,right_hip_x,right_hip_y,left_knee_x,left_knee_y,right_knee_x,right_knee_y,left_foot_x,left_foot_y,right_foot_x,right_foot_y
0,0.486912,0.276298,0.511369,0.295818,0.0,0.0,0.468089,0.297636,0.463212,0.325151,0.510866,0.364849,0.0,0.0,0.512263,0.375255,0.0,0.0,0.0,0.0,0.0,0.0,0.0,0.0,0.0,0.0
1,0.487372,0.277402,0.512416,0.298896,0.523122,0.334683,0.468229,0.300309,0.46371,0.323901,0.513769,0.363654,0.0,0.0,0.0,0.0,0.0,0.0,0.529247,0.574031,0.0,0.0,0.0,0.0,0.0,0.0
2,0.489251,0.278995,0.512628,0.303514,0.525714,0.337978,0.470209,0.303771,0.464198,0.326572,0.514982,0.367107,0.0,0.0,0.0,0.0,0.0,0.0,0.530863,0.576307,0.500683,0.573361,0.0,0.0,0.0,0.0
3,0.489462,0.278838,0.513985,0.304616,0.526641,0.337482,0.470914,0.30399,0.465476,0.327058,0.517502,0.367682,0.0,0.0,0.0,0.0,0.0,0.0,0.529119,0.576886,0.500647,0.573429,0.525642,0.668372,0.0,0.0
4,0.488721,0.278809,0.514618,0.304121,0.525982,0.337465,0.469091,0.303412,0.464095,0.326721,0.516774,0.367677,0.0,0.0,0.0,0.0,0.0,0.0,0.528017,0.577343,0.499655,0.573484,0.524464,0.669158,0.0,0.0
5,0.488558,0.278096,0.513881,0.302675,0.526063,0.335994,0.467883,0.301934,0.464049,0.325096,0.515981,0.365183,0.0,0.0,0.0,0.0,0.0,0.0,0.529404,0.576741,0.50045,0.573238,0.0,0.0,0.0,0.0
6,0.488336,0.278645,0.514899,0.303946,0.526761,0.336531,0.468609,0.303216,0.464166,0.325599,0.515719,0.365409,0.0,0.0,0.0,0.0,0.0,0.0,0.528694,0.576101,0.500591,0.572889,0.0,0.0,0.0,0.0
7,0.488857,0.27922,0.514687,0.305025,0.526282,0.337135,0.469517,0.304502,0.465044,0.326722,0.516269,0.365818,0.0,0.0,0.0,0.0,0.0,0.0,0.528255,0.576826,0.500645,0.573866,0.0,0.0,0.0,0.0
8,0.488225,0.279796,0.514096,0.305204,0.52569,0.336943,0.469018,0.305002,0.464594,0.326802,0.515253,0.36594,0.0,0.0,0.0,0.0,0.0,0.0,0.527589,0.576696,0.500564,0.573975,0.0,0.0,0.0,0.0
9,0.488647,0.279709,0.51489,0.306098,0.526906,0.33776,0.469704,0.305702,0.464593,0.327217,0.515151,0.366225,0.0,0.0,0.0,0.0,0.0,0.0,0.528284,0.577553,0.499945,0.574674,0.0,0.0,0.0,0.0
10,0.488451,0.279495,0.514716,0.306088,0.527005,0.337376,0.469348,0.305489,0.464473,0.326684,0.515349,0.365515,0.0,0.0,0.0,0.0,0.0,0.0,0.528599,0.577067,0.500351,0.574285,0.0,0.0,0.0,0.0
11,0.488118,0.280483,0.514273,0.308772,0.5273,0.338582,0.469652,0.307791,0.464874,0.328127,0.515738,0.366085,0.0,0.0,0.0,0.0,0.0,0.0,0.527939,0.577577,0.500086,0.574591,0.0,0.0,0.0,0.0
12,0.487892,0.27988,0.516161,0.306945,0.525265,0.337309,0.472951,0.305939,0.466417,0.328032,0.0,0.0,0.0,0.0,0.0,0.0,0.0,0.0,0.0,0.0,0.0,0.0,0.0,0.0,0.0,0.0
13,0.488347,0.280112,0.515178,0.307483,0.525798,0.337766,0.473588,0.306083,0.467053,0.327913,0.519062,0.358306,0.0,0.0,0.0,0.0,0.0,0.0,0.0,0.0,0.0,0.0,0.0,0.0,0.0,0.0
14,0.489118,0.280217,0.516133,0.308534,0.527022,0.339109,0.474104,0.306714,0.0,0.0,0.517063,0.363832,0.0,0.0,0.0,0.0,0.0,0.0,0.0,0.0,0.0,0.0,0.0,0.0,0.0,0.0
15,0.487816,0.280282,0.515436,0.307169,0.543276,0.330863,0.473311,0.306396,0.467569,0.327546,0.520376,0.356879,0.0,0.0,0.51811,0.382382,0.0,0.0,0.0,0.0,0.0,0.0,0.0,0.0,0.0,0.0
16,0.48712,0.280344,0.514937,0.307187,0.526368,0.338596,0.473418,0.306524,0.466898,0.329122,0.516213,0.363867,0.0,0.0,0.0,0.0,0.0,0.0,0.0,0.0,0.0,0.0,0.0,0.0,0.0,0.0
17,0.486737,0.280979,0.516534,0.308454,0.526536,0.33675,0.473699,0.306406,0.467594,0.326056,0.51853,0.354285,0.0,0.0,0.0,0.0,0.0,0.0,0.0,0.0,0.0,0.0,0.0,0.0,0.0,0.0
18,0.486807,0.28055,0.515878,0.306966,0.526444,0.336043,0.473621,0.305573,0.467897,0.325416,0.518619,0.354225,0.0,0.0,0.51875,0.381236,0.0,0.0,0.0,0.0,0.0,0.0,0.0,0.0,0.0,0.0
19,0.48695,0.280789,0.515851,0.307784,0.525893,0.336457,0.474016,0.306018,0.468041,0.325652,0.517775,0.353907,0.0,0.0,0.518515,0.381875,0.0,0.0,0.0,0.0,0.0,0.0,0.0,0.0,0.0,0.0
20,0.486964,0.280306,0.515944,0.306439,0.542689,0.330014,0.473754,0.305235,0.467636,0.325483,0.518634,0.354403,0.0,0.0,0.518651,0.380995,0.0,0.0,0.0,0.0,0.0,0.0,0.0,0.0,0.0,0.0
21,0.487311,0.280291,0.516416,0.306387,0.542641,0.329665,0.474282,0.304991,0.468085,0.325092,0.518487,0.353685,0.0,0.0,0.518884,0.380362,0.0,0.0,0.0,0.0,0.0,0.0,0.0,0.0,0.0,0.0
22,0.487225,0.279755,0.518028,0.305025,0.543682,0.329709,0.473044,0.304142,0.467144,0.325286,0.519148,0.356184,0.0,0.0,0.519627,0.380601,0.0,0.0,0.0,0.0,0.0,0.0,0.0,0.0,0.0,0.0
23,0.486888,0.279986,0.517392,0.304743,0.543632,0.328838,0.47367,0.304059,0.467911,0.324443,0.51912,0.354061,0.0,0.0,0.519537,0.379683,0.0,0.0,0.0,0.0,0.0,0.0,0.0,0.0,0.0,0.0
24,0.48868,0.278233,0.518752,0.302937,0.0,0.0,0.473677,0.305641,0.46968,0.327453,0.515849,0.355473,0.0,0.0,0.0,0.0,0.0,0.0,0.0,0.0,0.0,0.0,0.0,0.0,0.0,0.0
25,0.487924,0.278343,0.518345,0.302792,0.527132,0.334766,0.471807,0.305049,0.466412,0.326899,0.513107,0.355538,0.0,0.0,0.0,0.0,0.0,0.0,0.0,0.0,0.0,0.0,0.0,0.0,0.0,0.0
26,0.487271,0.279853,0.0,0.0,0.0,0.0,0.473673,0.306049,0.468788,0.32669,0.0,0.0,0.0,0.0,0.0,0.0,0.0,0.0,0.0,0.0,0.0,0.0,0.0,0.0,0.0,0.0
27,0.487542,0.277956,0.0,0.0,0.52603,0.33481,0.471651,0.304285,0.466804,0.32736,0.0,0.0,0.0,0.0,0.0,0.0,0.0,0.0,0.0,0.0,0.0,0.0,0.0,0.0,0.0,0.0
28,0.487093,0.277999,0.0,0.0,0.525826,0.335428,0.471223,0.304401,0.46627,0.328089,0.0,0.0,0.0,0.0,0.0,0.0,0.0,0.0,0.0,0.0,0.0,0.0,0.0,0.0,0.0,0.0
29,0.487115,0.278351,0.0,0.0,0.525585,0.335319,0.471945,0.30499,0.46702,0.328135,0.0,0.0,0.0,0.0,0.0,0.0,0.0,0.0,0.0,0.0,0.0,0.0,0.0,0.0,0.0,0.0
30,0.48685,0.278526,0.0,0.0,0.524976,0.335377,0.471993,0.305224,0.467196,0.327617,0.0,0.0,0.0,0.0,0.0,0.0,0.0,0.0,0.0,0.0,0.0,0.0,0.0,0.0,0.0,0.0
31,0.487045,0.278961,0.0,0.0,0.525028,0.335344,0.472078,0.305713,0.466902,0.326885,0.0,0.0,0.0,0.0,0.0,0.0,0.0,0.0,0.0,0.0,0.0,0.0,0.0,0.0,0.0,0.0
32,0.487037,0.278668,0.0,0.0,0.525373,0.336203,0.47123,0.305395,0.465603,0.327087,0.0,0.0,0.0,0.0,0.0,0.0,0.0,0.0,0.0,0.0,0.0,0.0,0.0,0.0,0.0,0.0
33,0.488316,0.277966,0.0,0.0,0.526008,0.335442,0.472034,0.304664,0.0,0.0,0.0,0.0,0.0,0.0,0.0,0.0,0.0,0.0,0.0,0.0,0.0,0.0,0.0,0.0,0.0,0.0
34,0.487987,0.276547,0.0,0.0,0.526378,0.336346,0.470626,0.304159,0.465045,0.328453,0.0,0.0,0.0,0.0,0.0,0.0,0.0,0.0,0.522877,0.574628,0.0,0.0,0.0,0.0,0.0,0.0
35,0.487409,0.277206,0.0,0.0,0.526405,0.335883,0.470083,0.304418,0.464438,0.328472,0.510886,0.363016,0.0,0.0,0.0,0.0,0.0,0.0,0.0,0.0,0.0,0.0,0.0,0.0,0.0,0.0
36,0.488739,0.280493,0.51597,0.308211,0.527382,0.342192,0.476557,0.309491,0.0,0.0,0.51373,0.368055,0.0,0.0,0.0,0.0,0.0,0.0,0.53502,0.574926,0.501917,0.570786,0.0,0.0,0.0,0.0
37,0.499812,0.276406,0.526778,0.309049,0.537718,0.344374,0.482306,0.304807,0.0,0.0,0.513818,0.365566,0.0,0.0,0.0,0.0,0.0,0.0,0.534442,0.573249,0.502338,0.572387,0.0,0.0,0.0,0.0
38,0.500155,0.277225,0.525074,0.309832,0.535146,0.343112,0.482079,0.305658,0.47387,0.328912,0.512445,0.36478,0.0,0.0,0.0,0.0,0.0,0.0,0.534003,0.57307,0.0,0.0,0.0,0.0,0.0,0.0
39,0.495443,0.274763,0.523857,0.308422,0.544923,0.335896,0.48162,0.303932,0.473179,0.326154,0.0,0.0,0.0,0.0,0.0,0.0,0.0,0.0,0.53408,0.572634,0.0,0.0,0.0,0.0,0.0,0.0
40,0.497244,0.273257,0.528957,0.305646,0.547048,0.336883,0.482268,0.30089,0.473516,0.326862,0.515228,0.365441,0.0,0.0,0.0,0.0,0.0,0.0,0.534018,0.570065,0.0,0.0,0.0,0.0,0.0,0.0
41,0.50254,0.274545,0.528772,0.306506,0.546842,0.338692,0.482605,0.301456,0.472843,0.327883,0.516117,0.366424,0.0,0.0,0.0,0.0,0.0,0.0,0.53419,0.571497,0.0,0.0,0.0,0.0,0.0,0.0
42,0.503647,0.275411,0.525514,0.306647,0.545997,0.336966,0.485102,0.302214,0.475076,0.326599,0.0,0.0,0.486043,0.365014,0.0,0.0,0.0,0.0,0.53097,0.573107,0.0,0.0,0.0,0.0,0.0,0.0
43,0.506217,0.277151,0.533702,0.308747,0.0,0.0,0.486357,0.305192,0.0,0.0,0.51828,0.364581,0.0,0.0,0.0,0.0,0.0,0.0,0.0,0.0,0.0,0.0,0.0,0.0,0.0,0.0
44,0.506895,0.277425,0.533779,0.309497,0.0,0.0,0.487018,0.306153,0.0,0.0,0.0,0.0,0.0,0.0,0.0,0.0,0.0,0.0,0.0,0.0,0.501537,0.56925,0.0,0.0,0.0,0.0
45,0.503053,0.281115,0.533632,0.309543,0.0,0.0,0.485943,0.306474,0.0,0.0,0.0,0.0,0.486437,0.365341,0.0,0.0,0.0,0.0,0.0,0.0,0.501614,0.567626,0.0,0.0,0.0,0.0
46,0.503477,0.282793,0.533305,0.311821,0.0,0.0,0.486669,0.308705,0.0,0.0,0.0,0.0,0.0,0.0,0.0,0.0,0.0,0.0,0.530429,0.569741,0.502661,0.568948,0.0,0.0,0.0,0.0
47,0.502699,0.283388,0.533193,0.313556,0.0,0.0,0.485881,0.307395,0.0,0.0,0.0,0.0,0.486539,0.364563,0.0,0.0,0.498211,0.43966,0.532199,0.570245,0.502658,0.570165,0.0,0.0,0.0,0.0
48,0.489866,0.279017,0.519744,0.306501,0.0,0.0,0.477596,0.309164,0.474039,0.344677,0.0,0.0,0.0,0.0,0.0,0.0,0.494105,0.426579,0.527752,0.580059,0.497956,0.576153,0.0,0.0,0.0,0.0
49,0.493217,0.28104,0.523429,0.315,0.0,0.0,0.47895,0.312011,0.478723,0.350668,0.0,0.0,0.0,0.0,0.523896,0.44648,0.493447,0.445661,0.526354,0.574741,0.499972,0.571841,0.524785,0.668954,0.0,0.0
50,0.49211,0.28396,0.52724,0.319236,0.0,0.0,0.47935,0.316045,0.477557,0.353321,0.530775,0.308473,0.0,0.0,0.522868,0.457082,0.490516,0.449514,0.525428,0.575147,0.49365,0.569495,0.525867,0.668425,0.0,0.0
51,0.490958,0.282523,0.529371,0.317176,0.0,0.0,0.478886,0.31608,0.477138,0.357957,0.530549,0.305517,0.475123,0.310485,0.523268,0.458658,0.489756,0.46068,0.525204,0.575541,0.490773,0.569882,0.527175,0.667907,0.473755,0.665036
52,0.493683,0.284764,0.531287,0.322288,0.536447,0.35257,0.480262,0.319918,0.476334,0.354761,0.533051,0.30253,0.473792,0.305148,0.524826,0.461807,0.491396,0.463549,0.526633,0.578404,0.492474,0.572947,0.527853,0.668113,0.0,0.0
53,0.494187,0.283774,0.531639,0.321168,0.536689,0.350039,0.479791,0.318224,0.475398,0.353307,0.532864,0.300027,0.473009,0.304033,0.525085,0.459088,0.491041,0.460654,0.527792,0.575924,0.493753,0.570821,0.527731,0.668486,0.0,0.0
54,0.495745,0.285861,0.534367,0.325592,0.536719,0.350181,0.480443,0.321809,0.470386,0.350783,0.533573,0.298103,0.471977,0.300279,0.525504,0.462086,0.490873,0.463784,0.52789,0.577821,0.492457,0.572944,0.528502,0.668825,0.0,0.0
55,0.498403,0.285864,0.534351,0.324683,0.537849,0.350716,0.481167,0.32234,0.0,0.0,0.535211,0.293947,0.471571,0.295956,0.525517,0.462052,0.491071,0.464019,0.527494,0.576501,0.489316,0.571932,0.529438,0.668748,0.473465,0.66681
56,0.500214,0.286525,0.0,0.0,0.543276,0.343065,0.482606,0.322641,0.469773,0.34907,0.536284,0.292713,0.470552,0.293847,0.526698,0.464344,0.493329,0.466511,0.527431,0.578354,0.491557,0.574348,0.530241,0.666878,0.473734,0.668085
57,0.0,0.0,0.536597,0.334554,0.542787,0.339689,0.481913,0.329811,0.466881,0.344835,0.537029,0.289302,0.47403,0.292134,0.528148,0.4694,0.494004,0.470586,0.529283,0.577869,0.492606,0.577525,0.530114,0.667765,0.47399,0.669264
58,0.0,0.0,0.0,0.0,0.53982,0.340974,0.480333,0.327401,0.0,0.0,0.536036,0.288882,0.473609,0.29117,0.52722,0.468728,0.493637,0.470735,0.528621,0.579755,0.493312,0.579151,0.529815,0.667823,0.473415,0.666332
59,0.497065,0.286622,0.535438,0.330964,0.543642,0.339722,0.480632,0.325465,0.0,0.0,0.53583,0.287662,0.472746,0.29104,0.523707,0.466452,0.4922,0.468773,0.522242,0.577753,0.495173,0.577057,0.524792,0.669428,0.478609,0.668104
60,0.49318,0.276048,0.532959,0.317532,0.0,0.0,0.476682,0.313484,0.472526,0.354346,0.0,0.0,0.0,0.0,0.526894,0.457529,0.491672,0.45835,0.523403,0.583067,0.49024,0.574927,0.527272,0.671116,0.0,0.0
61,0.493479,0.277904,0.532967,0.318681,0.0,0.0,0.477411,0.31267,0.473469,0.353175,0.53178,0.300976,0.470724,0.302382,0.524015,0.455469,0.490575,0.4575,0.523536,0.574118,0.491057,0.566686,0.527362,0.667643,0.476006,0.66553
62,0.494659,0.282479,0.532461,0.323606,0.0,0.0,0.477595,0.316606,0.469735,0.345727,0.532904,0.296879,0.47199,0.29862,0.522561,0.45822,0.489643,0.45939,0.521169,0.570003,0.491741,0.562256,0.526563,0.66643,0.476156,0.66481
63,0.496382,0.285126,0.0,0.0,0.0,0.0,0.479781,0.323034,0.0,0.0,0.533094,0.293986,0.473499,0.296111,0.522699,0.461526,0.490192,0.462401,0.521498,0.57148,0.492295,0.563587,0.524453,0.663529,0.0,0.0
64,0.0,0.0,0.53391,0.334604,0.0,0.0,0.480667,0.328679,0.0,0.0,0.534358,0.290408,0.473004,0.293896,0.521972,0.464165,0.489845,0.465621,0.521936,0.571753,0.49262,0.563953,0.524337,0.662532,0.0,0.0
65,0.497358,0.287649,0.0,0.0,0.537447,0.335629,0.0,0.0,0.469496,0.33926,0.53113,0.293197,0.47072,0.295664,0.0,0.0,0.0,0.0,0.524052,0.571461,0.499005,0.566115,0.0,0.0,0.0,0.0
66,0.496466,0.285627,0.0,0.0,0.542095,0.3254,0.0,0.0,0.471547,0.33444,0.529926,0.297921,0.472637,0.301023,0.0,0.0,0.0,0.0,0.0,0.0,0.50155,0.562254,0.0,0.0,0.0,0.0
67,0.501991,0.285105,0.533059,0.323344,0.0,0.0,0.487313,0.318039,0.0,0.0,0.530591,0.304199,0.474459,0.305578,0.0,0.0,0.0,0.0,0.522829,0.559437,0.500817,0.555229,0.0,0.0,0.0,0.0
68,0.498008,0.284094,0.0,0.0,0.0,0.0,0.0,0.0,0.489706,0.344088,0.527128,0.299928,0.479153,0.301276,0.0,0.0,0.0,0.0,0.5196,0.556483,0.505299,0.5515,0.0,0.0,0.0,0.0
69,0.0,0.0,0.0,0.0,0.0,0.0,0.0,0.0,0.469611,0.338685,0.530121,0.295622,0.47539,0.296393,0.525924,0.443062,0.500526,0.442363,0.525956,0.561141,0.502647,0.554263,0.523498,0.659932,0.0,0.0
70,0.492611,0.283125,0.0,0.0,0.511104,0.345174,0.0,0.0,0.0,0.0,0.0,0.0,0.0,0.0,0.0,0.0,0.0,0.0,0.51636,0.548942,0.50346,0.541142,0.0,0.0,0.0,0.0
71,0.490097,0.290239,0.0,0.0,0.0,0.0,0.0,0.0,0.0,0.0,0.0,0.0,0.0,0.0,0.0,0.0,0.0,0.0,0.0,0.0,0.0,0.0,0.0,0.0,0.0,0.0
72,0.507235,0.325423,0.531757,0.375334,0.542736,0.340295,0.482362,0.364763,0.469158,0.341551,0.535466,0.298913,0.476761,0.299931,0.527862,0.489093,0.495919,0.488864,0.529711,0.583337,0.489991,0.572238,0.52982,0.665136,0.473392,0.665848
73,0.507202,0.325033,0.533223,0.371145,0.541108,0.378249,0.489718,0.356416,0.0,0.0,0.537155,0.311278,0.475749,0.316084,0.527784,0.480663,0.501304,0.482018,0.527437,0.573291,0.501636,0.569314,0.529419,0.664838,0.0,0.0
74,0.505858,0.330634,0.532213,0.369118,0.540396,0.374017,0.485182,0.358929,0.467355,0.346954,0.540631,0.303068,0.473334,0.306206,0.526006,0.479112,0.49856,0.480476,0.524299,0.568792,0.499839,0.56407,0.530356,0.66285,0.475674,0.663962
75,0.513214,0.360234,0.535245,0.389938,0.545831,0.373121,0.48576,0.38318,0.0,0.0,0.545334,0.297298,0.472051,0.299341,0.522368,0.489136,0.496288,0.48952,0.524397,0.571397,0.493509,0.563296,0.533073,0.662978,0.0,0.0
76,0.51052,0.361102,0.533866,0.389387,0.546243,0.371274,0.486093,0.384522,0.474892,0.358472,0.544632,0.298909,0.469553,0.306436,0.52418,0.489621,0.498029,0.49107,0.523473,0.571227,0.495478,0.565228,0.53192,0.663307,0.472865,0.664127
77,0.512435,0.368717,0.53609,0.393384,0.55026,0.370492,0.489522,0.39112,0.0,0.0,0.537641,0.293545,0.469117,0.300717,0.523985,0.494371,0.497612,0.495909,0.524792,0.575175,0.0,0.0,0.531271,0.663045,0.472342,0.665591
78,0.518166,0.355698,0.53499,0.383242,0.547574,0.372843,0.490756,0.378052,0.463251,0.354971,0.534748,0.294573,0.468252,0.303015,0.52247,0.484472,0.497662,0.485864,0.522533,0.566999,0.49433,0.560324,0.529899,0.663484,0.473377,0.665375
79,0.0,0.0,0.536349,0.371451,0.0,0.0,0.491508,0.366453,0.465441,0.350527,0.539393,0.298929,0.473089,0.30328,0.521346,0.469207,0.49761,0.470446,0.524146,0.563848,0.496379,0.558367,0.529132,0.663092,0.47298,0.6646
80,0.519893,0.354601,0.536937,0.382965,0.548036,0.374086,0.490646,0.381155,0.46357,0.353216,0.542024,0.299434,0.473146,0.30362,0.525364,0.485414,0.497928,0.487932,0.526864,0.574814,0.498646,0.571673,0.529768,0.666624,0.473531,0.668166
81,0.516421,0.358738,0.540682,0.384772,0.548448,0.365184,0.490828,0.381535,0.46351,0.353653,0.542879,0.297937,0.472375,0.300905,0.523475,0.480691,0.498132,0.474662,0.525205,0.565096,0.496731,0.562011,0.527118,0.664689,0.472654,0.665535
82,0.51637,0.364193,0.519231,0.381582,0.544496,0.354008,0.508282,0.387269,0.509031,0.369456,0.530879,0.296631,0.477767,0.302832,0.0,0.0,0.507263,0.466842,0.514573,0.555455,0.505244,0.552031,0.518862,0.659978,0.0,0.0
83,0.512954,0.364056,0.506471,0.382753,0.475208,0.347442,0.52101,0.388528,0.54599,0.357918,0.48005,0.297735,0.530946,0.297376,0.508447,0.469045,0.514764,0.470245,0.0,0.0,0.0,0.0,0.0,0.0,0.0,0.0
84,0.508736,0.369219,0.533316,0.401503,0.0,0.0,0.482833,0.399837,0.464828,0.349195,0.539141,0.298653,0.473625,0.302546,0.523944,0.499856,0.493319,0.496496,0.525659,0.572143,0.495001,0.568372,0.532996,0.668771,0.474065,0.667836
85,0.506985,0.366469,0.523729,0.399576,0.0,0.0,0.489206,0.397638,0.462376,0.352586,0.538609,0.305308,0.472373,0.305819,0.519865,0.490836,0.499647,0.49301,0.519549,0.567533,0.500867,0.567663,0.525553,0.665799,0.478308,0.666104
86,0.509434,0.364171,0.524149,0.396693,0.0,0.0,0.487758,0.391753,0.485302,0.370074,0.532443,0.310349,0.46603,0.304628,0.0,0.0,0.497929,0.467211,0.521067,0.554845,0.498387,0.550505,0.527842,0.665342,0.476637,0.663776
87,0.0,0.0,0.510761,0.373763,0.513186,0.367999,0.508794,0.379438,0.543361,0.348146,0.529224,0.307277,0.533355,0.309362,0.513624,0.463539,0.508367,0.463529,0.510551,0.550935,0.506262,0.550698,0.519071,0.663801,0.0,0.0
88,0.505879,0.361836,0.521008,0.390538,0.547682,0.360448,0.489137,0.393245,0.458653,0.353446,0.534127,0.310152,0.461493,0.305463,0.517865,0.482473,0.49974,0.485828,0.51397,0.566901,0.503137,0.564998,0.52336,0.666965,0.486324,0.662906
89,0.0,0.0,0.512459,0.38155,0.511483,0.368861,0.508052,0.393327,0.0,0.0,0.528126,0.314485,0.531655,0.316785,0.516131,0.471469,0.510339,0.471432,0.510881,0.557244,0.506511,0.557644,0.518521,0.665948,0.490647,0.661601
90,0.0,0.0,0.520043,0.386234,0.527799,0.397935,0.504373,0.382378,0.505997,0.379887,0.538518,0.325175,0.529917,0.322982,0.0,0.0,0.50424,0.480956,0.516407,0.556392,0.504205,0.553951,0.527273,0.661206,0.485167,0.658274
91,0.0,0.0,0.493874,0.357323,0.483995,0.397694,0.533591,0.362623,0.550338,0.399176,0.0,0.0,0.0,0.0,0.502704,0.466659,0.522486,0.467197,0.501831,0.553805,0.524103,0.55567,0.0,0.0,0.0,0.0
92,0.0,0.0,0.510422,0.389859,0.509594,0.382762,0.508624,0.392917,0.509109,0.384185,0.0,0.0,0.535929,0.33563,0.51588,0.484537,0.509624,0.484541,0.512603,0.564969,0.510039,0.56455,0.522097,0.663774,0.493525,0.660673
93,0.0,0.0,0.504793,0.37299,0.505082,0.386939,0.510123,0.377223,0.509485,0.402441,0.470594,0.324913,0.539314,0.335389,0.510632,0.481945,0.513232,0.482114,0.505798,0.560573,0.517863,0.561098,0.0,0.0,0.0,0.0
94,0.0,0.0,0.503134,0.378248,0.503753,0.383358,0.515115,0.380714,0.546106,0.372283,0.469043,0.323654,0.538764,0.329658,0.509529,0.485013,0.517989,0.484966,0.502451,0.566582,0.52044,0.570239,0.0,0.0,0.0,0.0
95,0.0,0.0,0.524336,0.388609,0.0,0.0,0.501726,0.393547,0.0,0.0,0.538104,0.327651,0.469801,0.323894,0.521998,0.48375,0.506744,0.484807,0.516104,0.562185,0.508848,0.562094,0.526099,0.659665,0.0,0.0
96,0.0,0.0,0.538311,0.384461,0.556716,0.368759,0.502246,0.386517,0.49588,0.397903,0.543663,0.325448,0.457965,0.324121,0.521148,0.486339,0.509086,0.487391,0.509692,0.566699,0.518573,0.569153,0.0,0.0,0.0,0.0
97,0.0,0.0,0.535494,0.380055,0.554102,0.366917,0.501233,0.3811,0.497136,0.400839,0.537214,0.317387,0.473048,0.320716,0.525276,0.481092,0.508479,0.481367,0.512476,0.566054,0.510834,0.565525,0.524469,0.662047,0.0,0.0
98,0.0,0.0,0.524103,0.37993,0.528719,0.402176,0.507147,0.384101,0.504145,0.403375,0.541871,0.323958,0.476846,0.322888,0.523783,0.481197,0.508999,0.481867,0.518897,0.562035,0.505187,0.562404,0.530819,0.657096,0.0,0.0
99,0.0,0.0,0.536263,0.390504,0.0,0.0,0.494402,0.391207,0.466011,0.375816,0.546511,0.329058,0.465848,0.327096,0.528233,0.486804,0.504246,0.487327,0.51988,0.569829,0.506832,0.567488,0.0,0.0,0.485961,0.669575
100,0.0,0.0,0.531812,0.383109,0.0,0.0,0.494567,0.384129,0.493083,0.409314,0.54345,0.327098,0.475834,0.332878,0.525699,0.482071,0.503939,0.482859,0.51769,0.564967,0.504629,0.56559,0.526462,0.658259,0.0,0.0
101,0.0,0.0,0.535036,0.380659,0.530863,0.409855,0.495493,0.391346,0.494188,0.412998,0.54429,0.33344,0.473711,0.34457,0.521918,0.483605,0.510381,0.485054,0.50242,0.560832,0.523903,0.565565,0.0,0.0,0.0,0.0
102,0.0,0.0,0.539759,0.389425,0.550361,0.421627,0.493808,0.392053,0.493929,0.412374,0.553302,0.335787,0.0,0.0,0.526244,0.486564,0.500293,0.486876,0.517923,0.565212,0.50593,0.561487,0.527487,0.658059,0.478547,0.665706
103,0.0,0.0,0.535636,0.374952,0.0,0.0,0.49931,0.378885,0.497348,0.410447,0.545672,0.333678,0.474008,0.348679,0.521553,0.476621,0.503402,0.478036,0.512491,0.55574,0.502291,0.558205,0.524468,0.658623,0.480637,0.662088
104,0.0,0.0,0.528172,0.376401,0.530728,0.405186,0.5091,0.383418,0.507872,0.408168,0.0,0.0,0.0,0.0,0.515858,0.481505,0.509334,0.482916,0.506866,0.557003,0.513456,0.560529,0.519273,0.659936,0.484439,0.664309
105,0.0,0.0,0.545267,0.390867,0.555296,0.419839,0.495351,0.398006,0.495417,0.412678,0.0,0.0,0.454832,0.362984,0.526956,0.49861,0.502809,0.501134,0.0,0.0,0.505035,0.573792,0.525145,0.661248,0.48719,0.669256
106,0.0,0.0,0.543798,0.385521,0.0,0.0,0.497586,0.392441,0.495101,0.410351,0.550164,0.343101,0.0,0.0,0.528493,0.488981,0.502961,0.489552,0.516754,0.567779,0.505123,0.569005,0.522681,0.66328,0.487448,0.668906
107,0.53365,0.368045,0.543699,0.404052,0.0,0.0,0.497648,0.412484,0.48912,0.427104,0.0,0.0,0.46603,0.365317,0.528197,0.498909,0.505261,0.500585,0.521363,0.57391,0.507922,0.574384,0.53765,0.663713,0.0,0.0
108,0.0,0.0,0.510717,0.395935,0.51918,0.422895,0.0,0.0,0.523983,0.426292,0.540795,0.359454,0.543709,0.362306,0.516845,0.483707,0.518187,0.484549,0.512136,0.562603,0.519025,0.564614,0.517551,0.660328,0.0,0.0
109,0.530948,0.367471,0.0,0.0,0.529303,0.422474,0.0,0.0,0.51873,0.423492,0.0,0.0,0.0,0.0,0.52036,0.481427,0.517061,0.483258,0.514244,0.566078,0.515536,0.567802,0.519883,0.660945,0.0,0.0
110,0.0,0.0,0.0,0.0,0.55419,0.439049,0.507842,0.415396,0.506004,0.42898,0.0,0.0,0.0,0.0,0.531322,0.494188,0.512298,0.492911,0.517555,0.567899,0.504479,0.571933,0.524622,0.66178,0.0,0.0
111,0.51538,0.437078,0.536891,0.460576,0.0,0.0,0.494883,0.466413,0.0,0.0,0.0,0.0,0.0,0.0,0.527407,0.544787,0.494937,0.546658,0.52489,0.590781,0.494479,0.589633,0.541475,0.67225,0.4728,0.673113
112,0.515405,0.439451,0.540146,0.467271,0.0,0.0,0.49353,0.469156,0.0,0.0,0.0,0.0,0.495683,0.440084,0.526842,0.54825,0.500792,0.552935,0.527108,0.593019,0.496043,0.59252,0.541368,0.675954,0.472639,0.676386
113,0.512703,0.441757,0.537749,0.472275,0.0,0.0,0.49455,0.475052,0.0,0.0,0.0,0.0,0.0,0.0,0.524927,0.554371,0.500077,0.558329,0.52368,0.596911,0.48941,0.595266,0.537956,0.678828,0.472722,0.680446
114,0.511614,0.444902,0.535816,0.474395,0.540507,0.479183,0.491293,0.476614,0.0,0.0,0.0,0.0,0.0,0.0,0.52414,0.556832,0.49943,0.560641,0.527205,0.602865,0.489406,0.599127,0.538871,0.68141,0.471211,0.682202
115,0.511511,0.445731,0.53702,0.473215,0.541659,0.47791,0.490063,0.47454,0.0,0.0,0.554874,0.396192,0.0,0.0,0.524842,0.56685,0.497307,0.569021,0.525956,0.614746,0.484602,0.60868,0.538694,0.684765,0.471228,0.684586
116,0.519154,0.44314,0.539107,0.47026,0.546069,0.472987,0.49372,0.476457,0.472239,0.461042,0.555659,0.396601,0.459434,0.40014,0.527204,0.561815,0.499377,0.564318,0.527472,0.60864,0.488149,0.604588,0.538067,0.681974,0.472953,0.682649
117,0.523704,0.438836,0.539716,0.463603,0.544436,0.474898,0.494068,0.468559,0.474591,0.4755,0.0,0.0,0.0,0.0,0.527536,0.55168,0.49718,0.551461,0.527258,0.598858,0.492167,0.598013,0.53748,0.680335,0.47219,0.679527
118,0.520814,0.441924,0.537589,0.463863,0.544906,0.47172,0.495953,0.472357,0.477608,0.474879,0.0,0.0,0.0,0.0,0.525633,0.552184,0.495921,0.55274,0.522139,0.598273,0.489463,0.598354,0.535965,0.680711,0.472639,0.679228
119,0.521578,0.43694,0.537916,0.460829,0.543295,0.495034,0.496013,0.463288,0.0,0.0,0.546528,0.411803,0.0,0.0,0.526181,0.545127,0.498973,0.545339,0.521425,0.592973,0.501107,0.593267,0.535343,0.679968,0.474769,0.677645
120,0.52135,0.425823,0.545009,0.447438,0.0,0.0,0.49391,0.45251,0.474594,0.462278,0.545282,0.412009,0.466318,0.403313,0.53015,0.527261,0.498868,0.525559,0.525324,0.586899,0.501772,0.581651,0.53978,0.677882,0.477199,0.675306
121,0.519038,0.43206,0.540989,0.456825,0.0,0.0,0.495468,0.463809,0.471333,0.467238,0.550258,0.412059,0.462861,0.413067,0.527393,0.543088,0.4996,0.543843,0.518675,0.588837,0.50167,0.585791,0.0,0.0,0.477582,0.676886
122,0.523162,0.446971,0.543472,0.473854,0.0,0.0,0.496792,0.47636,0.467683,0.471827,0.551468,0.413942,0.4626,0.406363,0.529839,0.567757,0.495506,0.567159,0.523442,0.61042,0.490887,0.603104,0.0,0.0,0.472791,0.680945
123,0.521104,0.447043,0.544576,0.475316,0.0,0.0,0.497408,0.476455,0.470149,0.473365,0.553166,0.413505,0.463775,0.408509,0.529451,0.567005,0.498624,0.568537,0.526264,0.607408,0.487098,0.599467,0.0,0.0,0.471145,0.678654
124,0.523077,0.450134,0.542875,0.477898,0.0,0.0,0.490532,0.479719,0.468892,0.475232,0.550265,0.415121,0.462247,0.411704,0.527936,0.567066,0.500084,0.567401,0.525261,0.607526,0.487792,0.600894,0.0,0.0,0.472154,0.680228
125,0.520226,0.446149,0.541705,0.472411,0.0,0.0,0.495554,0.476893,0.0,0.0,0.552749,0.414701,0.456817,0.408904,0.528559,0.562313,0.496857,0.561589,0.524101,0.604703,0.493137,0.598053,0.0,0.0,0.475194,0.678121
126,0.517553,0.453879,0.540259,0.48061,0.0,0.0,0.495524,0.47813,0.0,0.0,0.548992,0.415603,0.454865,0.413253,0.525164,0.566245,0.497308,0.567635,0.525727,0.606148,0.490003,0.599599,0.0,0.0,0.470945,0.678669
127,0.52133,0.453891,0.544767,0.478707,0.0,0.0,0.490914,0.479176,0.467374,0.474381,0.551864,0.417784,0.456746,0.416155,0.527307,0.566092,0.499365,0.567221,0.525794,0.606395,0.492581,0.599612,0.0,0.0,0.473462,0.677954
128,0.51849,0.456378,0.538695,0.479785,0.0,0.0,0.494238,0.48418,0.465221,0.475596,0.552084,0.41657,0.455197,0.411885,0.524461,0.568072,0.4996,0.569836,0.522887,0.612964,0.487324,0.606465,0.0,0.0,0.470264,0.676861
129,0.519611,0.44363,0.539225,0.471218,0.0,0.0,0.494601,0.476798,0.47264,0.487308,0.0,0.0,0.45407,0.422322,0.525208,0.554311,0.496319,0.553372,0.522671,0.604117,0.488619,0.599604,0.533892,0.675928,0.472244,0.670769
130,0.512727,0.457037,0.539422,0.481811,0.0,0.0,0.487539,0.483028,0.468296,0.490094,0.0,0.0,0.453557,0.418804,0.524632,0.564826,0.497751,0.56583,0.525032,0.606007,0.484575,0.599279,0.530546,0.676018,0.471214,0.670907
131,0.512408,0.453567,0.538362,0.476729,0.558382,0.478763,0.487369,0.479732,0.465408,0.487147,0.552083,0.430798,0.461194,0.419463,0.523424,0.564578,0.498543,0.566162,0.521788,0.608558,0.485489,0.601334,0.53449,0.67464,0.47268,0.670257
132,0.517417,0.454152,0.542324,0.479768,0.0,0.0,0.486251,0.483276,0.462831,0.478248,0.557852,0.430629,0.456791,0.41777,0.519333,0.563094,0.493645,0.565367,0.524488,0.608169,0.486888,0.602171,0.531756,0.675187,0.470264,0.672259
133,0.510063,0.46121,0.536041,0.48793,0.0,0.0,0.481377,0.492799,0.462139,0.490441,0.558812,0.423876,0.457319,0.412785,0.518192,0.56713,0.493347,0.570232,0.525999,0.608156,0.485147,0.60333,0.530021,0.673601,0.471225,0.671661
134,0.519157,0.452092,0.542763,0.47532,0.555011,0.489239,0.485409,0.477959,0.464402,0.488056,0.55621,0.436101,0.45926,0.423777,0.523223,0.553448,0.496295,0.556532,0.530538,0.594211,0.493006,0.589427,0.0,0.0,0.47325,0.668512
135,0.521851,0.455759,0.544879,0.479709,0.554267,0.493184,0.488904,0.482437,0.463738,0.48923,0.557586,0.439086,0.45571,0.424608,0.522102,0.558757,0.495716,0.562233,0.529854,0.600431,0.488,0.596826,0.539022,0.665183,0.471829,0.667794
136,0.516127,0.4581,0.541009,0.485946,0.0,0.0,0.48324,0.487905,0.460877,0.490171,0.55419,0.437703,0.0,0.0,0.518894,0.561418,0.493932,0.56633,0.530687,0.603854,0.486422,0.601476,0.535719,0.666719,0.474113,0.669387
137,0.51627,0.459225,0.543038,0.48467,0.0,0.0,0.481736,0.487632,0.46048,0.491457,0.554749,0.436506,0.454845,0.420181,0.520552,0.557647,0.494273,0.563022,0.530068,0.593125,0.48908,0.589981,0.53453,0.661216,0.473678,0.666026
138,0.522447,0.452448,0.546264,0.473381,0.55967,0.48866,0.486163,0.478371,0.459528,0.489707,0.0,0.0,0.0,0.0,0.522767,0.550032,0.495293,0.554943,0.529317,0.589255,0.490672,0.586183,0.532941,0.666843,0.478372,0.6644
139,0.526693,0.457662,0.546824,0.477451,0.55866,0.488178,0.489298,0.486173,0.458913,0.490452,0.555845,0.447487,0.0,0.0,0.522603,0.550557,0.495032,0.554297,0.5267,0.594923,0.491607,0.591465,0.530246,0.665099,0.478334,0.668489
140,0.0,0.0,0.544982,0.47273,0.559759,0.488002,0.491012,0.480025,0.456499,0.484986,0.555899,0.450696,0.0,0.0,0.523357,0.550377,0.497028,0.553068,0.527418,0.596651,0.494624,0.592198,0.527118,0.665759,0.476353,0.667992
141,0.519624,0.458843,0.543478,0.478622,0.562284,0.489623,0.48479,0.490369,0.458897,0.503382,0.555334,0.454667,0.46629,0.478169,0.523472,0.557231,0.493881,0.563263,0.526439,0.601741,0.485952,0.600996,0.527278,0.670026,0.474226,0.666752
142,0.505517,0.461476,0.537444,0.4938,0.0,0.0,0.476126,0.489508,0.457864,0.50628,0.555873,0.446713,0.465118,0.477153,0.519278,0.564866,0.492729,0.568843,0.528386,0.611278,0.48262,0.610005,0.532792,0.675999,0.47819,0.674373
143,0.502237,0.460089,0.531436,0.490281,0.55158,0.508113,0.475882,0.491971,0.455468,0.508581,0.0,0.0,0.459716,0.478991,0.518646,0.564657,0.492532,0.569662,0.525261,0.612524,0.481939,0.611509,0.532448,0.676867,0.480313,0.673811
144,0.504941,0.459801,0.539512,0.493445,0.548493,0.512965,0.481914,0.496745,0.462943,0.511733,0.552887,0.461643,0.462613,0.476616,0.523694,0.566638,0.493314,0.56972,0.529624,0.615681,0.482012,0.6144,0.538883,0.678479,0.474807,0.677845
145,0.510517,0.455024,0.539332,0.485418,0.55366,0.511894,0.482076,0.494256,0.458681,0.511428,0.552636,0.495967,0.462097,0.478739,0.524453,0.565819,0.493173,0.569886,0.5308,0.611152,0.479309,0.611503,0.53394,0.676104,0.474701,0.675943
146,0.502852,0.456664,0.532873,0.487788,0.552149,0.512062,0.478559,0.495982,0.456546,0.511319,0.0,0.0,0.0,0.0,0.522192,0.566399,0.492672,0.57086,0.528112,0.612098,0.479745,0.611846,0.532261,0.675834,0.474008,0.677057
147,0.485066,0.45461,0.531822,0.489014,0.552729,0.51078,0.475429,0.494932,0.463899,0.518863,0.0,0.0,0.0,0.0,0.523379,0.566908,0.494286,0.571681,0.528783,0.613514,0.481754,0.61316,0.532257,0.678143,0.47501,0.677892
148,0.505163,0.459328,0.538566,0.491964,0.553721,0.510987,0.479289,0.495049,0.45659,0.511779,0.0,0.0,0.0,0.0,0.524058,0.566008,0.494195,0.569687,0.530112,0.613993,0.48078,0.612292,0.533064,0.678478,0.47373,0.676901
149,0.509883,0.460541,0.542944,0.492265,0.554418,0.511114,0.485508,0.498597,0.457855,0.512111,0.0,0.0,0.0,0.0,0.525713,0.566215,0.495314,0.569471,0.529234,0.613624,0.480745,0.612181,0.533236,0.678432,0.474717,0.677506
150,0.504378,0.460865,0.539323,0.494059,0.55256,0.513524,0.480942,0.49653,0.46346,0.519236,0.0,0.0,0.0,0.0,0.526217,0.567245,0.496007,0.570253,0.530398,0.613202,0.482718,0.612138,0.534284,0.678381,0.476525,0.677892
151,0.0,0.0,0.539819,0.492641,0.550025,0.52048,0.484075,0.498815,0.466029,0.52458,0.0,0.0,0.0,0.0,0.526281,0.571682,0.496718,0.574792,0.527752,0.615845,0.481508,0.61489,0.53269,0.679498,0.474888,0.680385
152,0.504522,0.460716,0.538321,0.492561,0.551099,0.514027,0.480075,0.495536,0.462245,0.516824,0.0,0.0,0.0,0.0,0.524556,0.568205,0.494434,0.570423,0.528517,0.615172,0.480225,0.61323,0.534372,0.678413,0.474933,0.678975
153,0.507804,0.458944,0.540446,0.491676,0.552104,0.513748,0.484138,0.497423,0.456122,0.511034,0.0,0.0,0.0,0.0,0.525205,0.56799,0.494647,0.569858,0.530326,0.615406,0.480712,0.613409,0.535182,0.67858,0.475223,0.67875
154,0.507648,0.459619,0.539595,0.492572,0.550717,0.518383,0.481549,0.495853,0.463048,0.517321,0.0,0.0,0.0,0.0,0.524802,0.569922,0.494369,0.572133,0.52972,0.615876,0.480762,0.614296,0.534587,0.678817,0.474729,0.679689
155,0.507624,0.458528,0.539706,0.491118,0.552106,0.513459,0.484304,0.497539,0.456969,0.511523,0.0,0.0,0.0,0.0,0.525081,0.569432,0.494615,0.57135,0.529854,0.614332,0.481345,0.612941,0.534925,0.678647,0.47468,0.679381
156,0.50184,0.469158,0.53692,0.498127,0.546532,0.513667,0.47541,0.496611,0.457116,0.512799,0.554048,0.460373,0.462364,0.479502,0.523417,0.57166,0.493452,0.572153,0.529769,0.6244,0.479147,0.61931,0.539379,0.680967,0.469342,0.680057
157,0.500594,0.461637,0.539768,0.491526,0.551622,0.51509,0.480208,0.497134,0.457884,0.512162,0.0,0.0,0.466485,0.498395,0.525341,0.563426,0.493682,0.564434,0.531711,0.608613,0.481006,0.606506,0.540316,0.67542,0.475549,0.675468
158,0.504043,0.460565,0.541859,0.490281,0.551554,0.514505,0.48253,0.496423,0.45803,0.511132,0.557046,0.461712,0.460701,0.481685,0.525522,0.562185,0.494476,0.56357,0.532594,0.60904,0.482771,0.606629,0.540307,0.67537,0.476797,0.674879
159,0.505393,0.461891,0.542292,0.491743,0.551687,0.514945,0.483569,0.49838,0.460656,0.511036,0.556593,0.458967,0.462622,0.480901,0.52644,0.561304,0.495329,0.563919,0.534738,0.610548,0.482043,0.608638,0.541464,0.674231,0.473283,0.674854
160,0.506958,0.455603,0.543229,0.48728,0.556571,0.511133,0.48436,0.49667,0.460755,0.509836,0.560492,0.45982,0.463157,0.482553,0.52848,0.563016,0.496155,0.566239,0.535396,0.612499,0.482797,0.611289,0.541292,0.673066,0.478041,0.675042
161,0.500005,0.460053,0.539217,0.493028,0.0,0.0,0.476338,0.492715,0.461152,0.510713,0.559873,0.453353,0.458845,0.47599,0.52721,0.562112,0.496661,0.565913,0.536103,0.612105,0.484274,0.611181,0.543401,0.672029,0.479752,0.673947
162,0.505993,0.456769,0.542977,0.486913,0.553841,0.511447,0.481856,0.495585,0.460063,0.509877,0.0,0.0,0.461644,0.479783,0.530352,0.558202,0.495099,0.560678,0.537204,0.605171,0.483935,0.604972,0.542768,0.66903,0.477769,0.671817
163,0.504345,0.45625,0.541797,0.487378,0.0,0.0,0.480464,0.496365,0.463054,0.509157,0.556683,0.454972,0.458063,0.476661,0.528838,0.556773,0.495646,0.560339,0.533767,0.604799,0.483173,0.603224,0.540673,0.671311,0.474472,0.672855
164,0.507452,0.451781,0.540756,0.480721,0.55397,0.508284,0.481328,0.48905,0.459842,0.505597,0.556133,0.460131,0.458031,0.477981,0.526501,0.557864,0.494736,0.561196,0.532449,0.595878,0.487296,0.594008,0.533984,0.671726,0.475629,0.670955
165,0.503912,0.455829,0.540821,0.484665,0.0,0.0,0.478557,0.495712,0.449539,0.49031,0.554227,0.454255,0.460626,0.477001,0.522936,0.559683,0.494367,0.563815,0.529827,0.596666,0.485928,0.593216,0.532549,0.666198,0.474189,0.670431
166,0.498696,0.456118,0.532814,0.483205,0.559421,0.490788,0.477589,0.493112,0.459901,0.507091,0.555123,0.454846,0.458215,0.475431,0.520515,0.55951,0.493735,0.563945,0.525888,0.600037,0.482763,0.599043,0.529808,0.673479,0.472404,0.670215
167,0.503417,0.456164,0.538244,0.482949,0.0,0.0,0.478691,0.490608,0.446431,0.488816,0.560957,0.44776,0.449883,0.462758,0.520503,0.563057,0.493322,0.566491,0.526583,0.598642,0.478875,0.599641,0.527069,0.673491,0.474456,0.672921
168,0.516411,0.454362,0.541876,0.482096,0.549858,0.496863,0.48668,0.489435,0.470757,0.49611,0.559334,0.446619,0.459385,0.451465,0.520606,0.564555,0.491889,0.567066,0.524492,0.609776,0.481343,0.605349,0.530123,0.676282,0.47006,0.67422
169,0.508626,0.449285,0.537425,0.477412,0.554092,0.494265,0.480197,0.483102,0.468447,0.503236,0.0,0.0,0.0,0.0,0.519232,0.562894,0.49065,0.56561,0.523278,0.60303,0.479911,0.599474,0.525697,0.673984,0.469083,0.67218
170,0.515316,0.443229,0.540326,0.473951,0.554972,0.491314,0.481974,0.475184,0.456699,0.487865,0.0,0.0,0.461862,0.457467,0.520038,0.561243,0.489537,0.564203,0.523065,0.600894,0.479365,0.598055,0.52774,0.672908,0.470396,0.67253
171,0.513732,0.443789,0.538113,0.474475,0.554239,0.490192,0.48368,0.47971,0.461895,0.489234,0.0,0.0,0.465145,0.459643,0.521585,0.559544,0.492241,0.562932,0.523862,0.603714,0.478917,0.599495,0.528938,0.670339,0.470437,0.673505
172,0.511403,0.446735,0.537044,0.475255,0.0,0.0,0.482075,0.480869,0.461216,0.48878,0.559923,0.442747,0.455296,0.444267,0.520846,0.561588,0.490917,0.564722,0.52355,0.603251,0.477472,0.598756,0.530586,0.673594,0.46974,0.675121
173,0.509074,0.44939,0.534297,0.476217,0.0,0.0,0.482635,0.482052,0.46773,0.494542,0.557788,0.435288,0.465829,0.457631,0.52021,0.560902,0.493445,0.563776,0.522489,0.605741,0.479215,0.60077,0.531295,0.673198,0.470212,0.676273
174,0.498927,0.442587,0.531974,0.478972,0.0,0.0,0.472333,0.473087,0.458398,0.486186,0.557261,0.430323,0.46801,0.458242,0.522312,0.557936,0.491612,0.561089,0.52637,0.597342,0.484192,0.594917,0.533013,0.670408,0.469513,0.672726
175,0.511075,0.445182,0.539956,0.474032,0.0,0.0,0.484008,0.477614,0.46116,0.475157,0.562044,0.428627,0.4545,0.430661,0.52411,0.560489,0.494878,0.564473,0.526411,0.602796,0.481947,0.597517,0.532164,0.674692,0.469624,0.675296
176,0.508325,0.440773,0.538685,0.479866,0.0,0.0,0.479651,0.472601,0.456425,0.474267,0.560975,0.425409,0.456953,0.420947,0.522456,0.560342,0.492846,0.56316,0.526778,0.603709,0.480191,0.598845,0.53737,0.676409,0.468663,0.677331
177,0.508528,0.434347,0.540217,0.471855,0.0,0.0,0.48328,0.473223,0.463056,0.473285,0.561299,0.42693,0.459288,0.420022,0.527625,0.555518,0.496028,0.55755,0.528216,0.601509,0.483342,0.596688,0.538521,0.676033,0.469977,0.677879
178,0.517593,0.429081,0.537677,0.463552,0.0,0.0,0.494401,0.467839,0.484418,0.462652,0.557567,0.420785,0.459968,0.422045,0.525422,0.549786,0.497717,0.550083,0.524685,0.598693,0.494373,0.595975,0.53012,0.676754,0.469909,0.677089
179,0.511101,0.422309,0.53308,0.455881,0.0,0.0,0.490645,0.464245,0.0,0.0,0.556893,0.413481,0.457632,0.422564,0.523239,0.546757,0.496781,0.55141,0.518103,0.592055,0.49286,0.592876,0.525726,0.676791,0.472546,0.678395
180,0.508953,0.425206,0.53734,0.456466,0.56798,0.431324,0.48439,0.465025,0.483455,0.45377,0.558192,0.408702,0.458564,0.40087,0.530801,0.55086,0.495041,0.550195,0.0,0.0,0.0,0.0,0.539615,0.676786,0.471347,0.671881
181,0.509517,0.423964,0.537428,0.456071,0.0,0.0,0.488567,0.460285,0.46265,0.450149,0.55395,0.406607,0.459455,0.414147,0.52429,0.544273,0.499179,0.548297,0.523967,0.589506,0.4953,0.589736,0.535017,0.676183,0.472464,0.671682
182,0.523136,0.40946,0.546512,0.433474,0.0,0.0,0.494715,0.441942,0.0,0.0,0.55196,0.395938,0.463052,0.401266,0.530087,0.52262,0.499609,0.52203,0.525323,0.577965,0.499719,0.576407,0.0,0.0,0.476297,0.666381
183,0.0,0.0,0.548579,0.423846,0.559843,0.437971,0.499845,0.430534,0.489351,0.434311,0.0,0.0,0.461009,0.406056,0.528513,0.511777,0.502304,0.511979,0.52155,0.577109,0.501562,0.57245,0.525414,0.66467,0.475993,0.665802
184,0.538743,0.382148,0.546779,0.412854,0.555634,0.433173,0.50214,0.419952,0.489221,0.431184,0.551137,0.384306,0.460356,0.384742,0.529335,0.504468,0.505001,0.504102,0.521922,0.57323,0.503733,0.566796,0.524909,0.662742,0.475274,0.664227
185,0.523101,0.408785,0.545384,0.430629,0.55487,0.432664,0.495073,0.43177,0.464526,0.426673,0.553015,0.379538,0.462439,0.388052,0.530306,0.511978,0.498422,0.509284,0.522321,0.576644,0.49956,0.567954,0.524218,0.667422,0.475381,0.663928
186,0.521441,0.41411,0.550539,0.440038,0.563012,0.433793,0.493076,0.440981,0.464671,0.427288,0.557033,0.379929,0.46103,0.386559,0.531091,0.530293,0.498104,0.527515,0.522994,0.578933,0.50053,0.576883,0.522082,0.674265,0.473191,0.668237
187,0.523698,0.423065,0.543856,0.447344,0.563293,0.432389,0.497394,0.449301,0.0,0.0,0.555484,0.379369,0.459714,0.382166,0.526315,0.529606,0.501556,0.529463,0.526251,0.574808,0.497504,0.572167,0.0,0.0,0.473989,0.666429
188,0.516701,0.41599,0.53971,0.436545,0.563819,0.430449,0.48971,0.434772,0.456563,0.411251,0.5538,0.370739,0.457533,0.370545,0.528532,0.514868,0.499775,0.51351,0.528043,0.571058,0.499458,0.565867,0.0,0.0,0.472343,0.665781
189,0.520751,0.399406,0.539614,0.4333,0.556062,0.425295,0.493143,0.427807,0.0,0.0,0.555549,0.366953,0.450208,0.365924,0.526511,0.522981,0.50025,0.513527,0.52494,0.570376,0.501688,0.567289,0.523088,0.670553,0.474565,0.666263
190,0.0,0.0,0.524573,0.408825,0.519201,0.41521,0.512054,0.412542,0.498828,0.416369,0.550576,0.363187,0.449091,0.360838,0.516779,0.50198,0.507156,0.504443,0.513816,0.566879,0.508187,0.566507,0.0,0.0,0.0,0.0
191,0.498628,0.37904,0.509125,0.416907,0.506371,0.414544,0.508045,0.417966,0.499425,0.416011,0.0,0.0,0.0,0.0,0.513702,0.509734,0.510813,0.509275,0.513565,0.573753,0.0,0.0,0.0,0.0,0.480583,0.673154
192,0.498874,0.389703,0.53154,0.424692,0.0,0.0,0.480322,0.428215,0.0,0.0,0.555805,0.359383,0.450101,0.365725,0.527886,0.536417,0.498098,0.536729,0.521037,0.599457,0.494284,0.595052,0.524655,0.680819,0.4722,0.682279
193,0.498129,0.380393,0.518986,0.415485,0.0,0.0,0.483791,0.416252,0.0,0.0,0.554406,0.357217,0.447795,0.358059,0.518668,0.526535,0.495358,0.528348,0.512764,0.591906,0.494211,0.589361,0.519885,0.67708,0.472214,0.675382
194,0.505495,0.382583,0.534018,0.412865,0.565125,0.3982,0.485942,0.414351,0.0,0.0,0.553918,0.345623,0.447157,0.346058,0.525821,0.526624,0.498266,0.52681,0.517583,0.588658,0.493135,0.583651,0.52316,0.676638,0.472101,0.675859
195,0.512076,0.385191,0.541685,0.41688,0.573131,0.390196,0.484847,0.41456,0.44918,0.390337,0.560676,0.334637,0.447307,0.336032,0.533007,0.529657,0.497667,0.528009,0.520278,0.594259,0.489769,0.58772,0.528869,0.679322,0.470736,0.679968
196,0.509328,0.38048,0.53976,0.410067,0.569036,0.390217,0.486411,0.411121,0.450547,0.383411,0.557036,0.338937,0.451669,0.347612,0.528921,0.528595,0.497752,0.529504,0.521364,0.592382,0.493104,0.588332,0.524505,0.677994,0.473908,0.679088
197,0.515408,0.37785,0.542946,0.400595,0.571645,0.388851,0.486264,0.402916,0.447934,0.382424,0.555821,0.334165,0.448896,0.333691,0.534021,0.505143,0.499557,0.505626,0.525555,0.564832,0.49395,0.564629,0.529673,0.671222,0.472484,0.670891
198,0.509194,0.377008,0.539349,0.399654,0.570623,0.384885,0.486937,0.399478,0.449534,0.379863,0.555778,0.336528,0.451308,0.337244,0.530774,0.51199,0.499031,0.511821,0.522408,0.575631,0.498829,0.577301,0.521369,0.673463,0.478284,0.676025
199,0.509793,0.381848,0.539218,0.411759,0.569123,0.384531,0.485708,0.408939,0.44621,0.376799,0.559609,0.340114,0.447869,0.332696,0.525174,0.536691,0.49423,0.535699,0.512109,0.602016,0.491148,0.598352,0.0,0.0,0.0,0.0
200,0.506639,0.37605,0.537121,0.413155,0.569374,0.38507,0.482749,0.411676,0.446655,0.379855,0.562804,0.333394,0.447611,0.328157,0.521047,0.526104,0.493748,0.526571,0.512983,0.59699,0.484613,0.593064,0.517077,0.678484,0.473871,0.677151
201,0.502909,0.371184,0.532672,0.407445,0.566603,0.386352,0.480511,0.39722,0.445459,0.378806,0.557094,0.332882,0.449557,0.330564,0.524698,0.521623,0.493552,0.522061,0.520232,0.590494,0.490917,0.585657,0.526875,0.674356,0.474921,0.669439
202,0.506087,0.374034,0.538844,0.409851,0.569146,0.382549,0.478821,0.405968,0.448059,0.378208,0.558422,0.320588,0.449716,0.324317,0.525821,0.520774,0.490615,0.521212,0.523335,0.595195,0.487228,0.589353,0.530107,0.672286,0.473241,0.668771
203,0.50251,0.373258,0.537784,0.411444,0.572015,0.370659,0.478478,0.411982,0.0,0.0,0.561393,0.31359,0.448163,0.319937,0.527152,0.532413,0.490871,0.531113,0.529744,0.609498,0.482184,0.603643,0.531864,0.677248,0.475205,0.677922
204,0.506578,0.373564,0.541911,0.407114,0.564451,0.372364,0.480757,0.403349,0.458179,0.363109,0.559794,0.305757,0.451924,0.311767,0.528439,0.523833,0.491921,0.524301,0.534592,0.594225,0.491438,0.59041,0.536181,0.670842,0.478166,0.674681
205,0.498599,0.36591,0.53419,0.398317,0.0,0.0,0.477995,0.389778,0.452768,0.361077,0.560112,0.302976,0.454218,0.314606,0.523013,0.50712,0.489846,0.50771,0.528569,0.584841,0.491342,0.582565,0.532758,0.665807,0.475247,0.66833
206,0.0,0.0,0.515093,0.389927,0.0,0.0,0.469728,0.382408,0.0,0.0,0.557897,0.309474,0.449245,0.314378,0.514938,0.499473,0.490186,0.501894,0.522754,0.58044,0.498854,0.576694,0.528857,0.667541,0.0,0.0
207,0.476477,0.343199,0.51492,0.391845,0.0,0.0,0.466083,0.382347,0.0,0.0,0.557472,0.311434,0.451338,0.314536,0.514676,0.505689,0.489768,0.508615,0.521574,0.586398,0.0,0.0,0.522871,0.666965,0.0,0.0
208,0.0,0.0,0.51177,0.388276,0.0,0.0,0.47674,0.38856,0.0,0.0,0.558583,0.310528,0.453028,0.323539,0.0,0.0,0.0,0.0,0.0,0.0,0.0,0.0,0.0,0.0,0.0,0.0
209,0.0,0.0,0.506941,0.376776,0.0,0.0,0.0,0.0,0.0,0.0,0.554385,0.312299,0.454356,0.320628,0.0,0.0,0.0,0.0,0.0,0.0,0.0,0.0,0.0,0.0,0.0,0.0
210,0.065181,0.2926,0.03019,0.331269,0.0,0.0,0.040369,0.333355,0.080646,0.409385,0.0,0.0,0.0,0.0,0.028383,0.460047,0.030024,0.462187,0.038359,0.551788,0.0,0.0,0.0,0.0,0.0,0.0
211,0.065643,0.292688,0.030441,0.333069,0.0,0.0,0.040375,0.334329,0.081059,0.410102,0.0,0.0,0.0,0.0,0.029798,0.461254,0.031087,0.462917,0.040821,0.55241,0.089504,0.543507,0.0,0.0,0.0,0.0
212,0.066449,0.292608,0.030503,0.334061,0.071008,0.404873,0.041972,0.334742,0.08483,0.409955,0.0,0.0,0.0,0.0,0.030244,0.46227,0.040027,0.463856,0.043161,0.551305,0.094933,0.54277,0.0,0.0,0.198844,0.684745
213,0.066424,0.292096,0.02819,0.331887,0.068027,0.403327,0.042788,0.334074,0.081949,0.410844,0.0,0.0,0.0,0.0,0.028423,0.461576,0.039593,0.463588,0.041979,0.551454,0.0,0.0,0.192638,0.686944,0.200961,0.685481
214,0.065955,0.29254,0.027437,0.331376,0.066027,0.402893,0.043459,0.334038,0.083707,0.409501,0.0,0.0,0.0,0.0,0.027514,0.460509,0.031685,0.462544,0.041254,0.551234,0.092305,0.542221,0.192837,0.6862,0.2006,0.685089
215,0.065864,0.292873,0.028885,0.33377,0.068645,0.403969,0.042023,0.335171,0.082418,0.409459,0.0,0.0,0.0,0.0,0.029202,0.461843,0.031811,0.463684,0.040231,0.551144,0.089097,0.541805,0.192857,0.685501,0.0,0.0
216,0.493975,0.331804,0.0,0.0,0.516513,0.355593,0.0,0.0,0.0,0.0,0.0,0.0,0.0,0.0,0.0,0.0,0.0,0.0,0.0,0.0,0.0,0.0,0.0,0.0,0.0,0.0
217,0.501525,0.340233,0.0,0.0,0.51648,0.357391,0.0,0.0,0.0,0.0,0.0,0.0,0.0,0.0,0.0,0.0,0.0,0.0,0.0,0.0,0.0,0.0,0.0,0.0,0.0,0.0
218,0.501194,0.342281,0.0,0.0,0.517965,0.36152,0.0,0.0,0.0,0.0,0.0,0.0,0.0,0.0,0.0,0.0,0.0,0.0,0.0,0.0,0.0,0.0,0.0,0.0,0.0,0.0
219,0.500994,0.34838,0.525236,0.380048,0.520054,0.361743,0.488745,0.382759,0.0,0.0,0.0,0.0,0.0,0.0,0.526046,0.488632,0.499724,0.492019,0.520007,0.585874,0.498117,0.582658,0.0,0.0,0.0,0.0
220,0.498445,0.346673,0.524109,0.378843,0.519644,0.361442,0.489765,0.380653,0.0,0.0,0.0,0.0,0.0,0.0,0.525098,0.489011,0.499517,0.492816,0.517017,0.586142,0.496533,0.583103,0.0,0.0,0.0,0.0
221,0.499335,0.346138,0.524516,0.378129,0.519536,0.361458,0.490011,0.37993,0.0,0.0,0.0,0.0,0.0,0.0,0.525724,0.48811,0.499812,0.491905,0.517446,0.584912,0.495631,0.581688,0.0,0.0,0.48236,0.671147
222,0.499042,0.348359,0.521968,0.379717,0.52028,0.361696,0.48932,0.383406,0.0,0.0,0.0,0.0,0.0,0.0,0.524348,0.490417,0.498562,0.499824,0.517368,0.586646,0.495978,0.58445,0.0,0.0,0.479793,0.673963
223,0.49923,0.346921,0.521394,0.377516,0.519447,0.359829,0.489991,0.380269,0.0,0.0,0.0,0.0,0.0,0.0,0.523529,0.486784,0.499443,0.490733,0.518855,0.586007,0.497626,0.582756,0.0,0.0,0.0,0.0
224,0.503608,0.348883,0.523502,0.379949,0.520507,0.360203,0.488174,0.383211,0.0,0.0,0.0,0.0,0.453611,0.297743,0.525102,0.48867,0.498974,0.49265,0.520655,0.586395,0.49672,0.581696,0.0,0.0,0.0,0.0
225,0.502919,0.34693,0.521432,0.376868,0.521483,0.360976,0.496127,0.380786,0.0,0.0,0.0,0.0,0.0,0.0,0.525525,0.485148,0.503593,0.488783,0.5216,0.583162,0.502639,0.585164,0.0,0.0,0.0,0.0
226,0.502046,0.344675,0.520159,0.37514,0.51873,0.359023,0.0,0.0,0.0,0.0,0.0,0.0,0.0,0.0,0.0,0.0,0.0,0.0,0.518296,0.583987,0.502506,0.586418,0.0,0.0,0.0,0.0
227,0.501489,0.336369,0.0,0.0,0.517208,0.357785,0.504176,0.37482,0.501476,0.35869,0.0,0.0,0.0,0.0,0.0,0.0,0.0,0.0,0.0,0.0,0.502576,0.581843,0.0,0.0,0.0,0.0
228,0.498496,0.336036,0.527262,0.369843,0.532977,0.368587,0.483177,0.36959,0.0,0.0,0.546378,0.304765,0.455494,0.303888,0.530024,0.491018,0.497134,0.49279,0.532777,0.592078,0.497186,0.58794,0.0,0.0,0.0,0.0
229,0.493042,0.330826,0.515988,0.368807,0.0,0.0,0.0,0.0,0.0,0.0,0.0,0.0,0.0,0.0,0.51976,0.483634,0.499397,0.486027,0.518414,0.582707,0.500696,0.58079,0.0,0.0,0.479085,0.671082
230,0.0,0.0,0.502387,0.355874,0.505412,0.36226,0.503425,0.362076,0.500578,0.364173,0.0,0.0,0.0,0.0,0.0,0.0,0.0,0.0,0.0,0.0,0.507232,0.579957,0.0,0.0,0.0,0.0
231,0.0,0.0,0.509626,0.358878,0.0,0.0,0.501069,0.363635,0.498454,0.365445,0.0,0.0,0.0,0.0,0.0,0.0,0.0,0.0,0.0,0.0,0.505868,0.579984,0.0,0.0,0.0,0.0
232,0.485112,0.306165,0.506648,0.348434,0.0,0.0,0.497621,0.354002,0.0,0.0,0.0,0.0,0.0,0.0,0.0,0.0,0.0,0.0,0.519345,0.578643,0.503044,0.576131,0.0,0.0,0.0,0.0
233,0.486699,0.30848,0.504288,0.345815,0.515838,0.363969,0.0,0.0,0.0,0.0,0.0,0.0,0.0,0.0,0.0,0.0,0.0,0.0,0.517523,0.580372,0.503802,0.577487,0.0,0.0,0.482232,0.673286
234,0.488772,0.308359,0.510447,0.341448,0.520594,0.359438,0.483451,0.336,0.0,0.0,0.0,0.0,0.46453,0.312564,0.0,0.0,0.0,0.0,0.51677,0.579397,0.501998,0.575954,0.0,0.0,0.0,0.0
235,0.0,0.0,0.521568,0.349649,0.525147,0.361295,0.486301,0.348608,0.0,0.0,0.547082,0.306182,0.462023,0.307312,0.0,0.0,0.496567,0.468573,0.51935,0.584108,0.501124,0.580485,0.0,0.0,0.0,0.0
236,0.0,0.0,0.521256,0.353348,0.526803,0.361473,0.488788,0.351735,0.0,0.0,0.0,0.0,0.463113,0.307143,0.0,0.0,0.497914,0.481137,0.517683,0.583755,0.50081,0.580892,0.0,0.0,0.48064,0.673042
237,0.0,0.0,0.524367,0.355428,0.535627,0.369324,0.485263,0.352972,0.0,0.0,0.0,0.0,0.460627,0.305727,0.519583,0.478906,0.494644,0.481394,0.516982,0.586498,0.497764,0.583901,0.0,0.0,0.477502,0.672083
238,0.0,0.0,0.528397,0.356224,0.537165,0.371587,0.479698,0.350655,0.0,0.0,0.0,0.0,0.461306,0.303572,0.519939,0.478579,0.491471,0.48114,0.515898,0.581587,0.491904,0.575771,0.520023,0.675207,0.476249,0.672161
239,0.489177,0.305176,0.0,0.0,0.517926,0.362065,0.479322,0.338994,0.0,0.0,0.0,0.0,0.464327,0.309703,0.0,0.0,0.0,0.0,0.0,0.0,0.496532,0.580049,0.0,0.0,0.0,0.0
240,0.50431,0.333594,0.531255,0.368173,0.556163,0.362776,0.482715,0.368968,0.0,0.0,0.0,0.0,0.4632,0.302416,0.527355,0.492537,0.495519,0.495068,0.524276,0.584833,0.492517,0.578516,0.524608,0.667337,0.477441,0.667284
241,0.0,0.0,0.525526,0.360535,0.0,0.0,0.486153,0.357979,0.0,0.0,0.0,0.0,0.464081,0.305149,0.521622,0.480642,0.4964,0.483762,0.517626,0.573593,0.496734,0.572004,0.520238,0.669035,0.485371,0.66438
242,0.501884,0.324709,0.528339,0.363394,0.0,0.0,0.484106,0.357754,0.0,0.0,0.0,0.0,0.4651,0.301733,0.523739,0.483307,0.494919,0.486371,0.519001,0.578784,0.492126,0.569576,0.52129,0.668567,0.485321,0.664165
243,0.502162,0.326882,0.525528,0.362674,0.540007,0.374387,0.485696,0.362447,0.0,0.0,0.0,0.0,0.466205,0.303339,0.52091,0.482978,0.495119,0.486603,0.519318,0.577224,0.492912,0.569005,0.520996,0.6685,0.48469,0.663747
244,0.500504,0.329893,0.524833,0.363666,0.534956,0.37231,0.486236,0.364647,0.0,0.0,0.0,0.0,0.464928,0.300795,0.522098,0.484901,0.496163,0.488496,0.0,0.0,0.492546,0.571533,0.519271,0.669145,0.484696,0.664611
245,0.500237,0.326642,0.523312,0.362838,0.53412,0.372034,0.486672,0.362508,0.0,0.0,0.0,0.0,0.464928,0.301132,0.52167,0.482778,0.496691,0.486687,0.0,0.0,0.492699,0.570862,0.0,0.0,0.484774,0.665738
246,0.499098,0.328346,0.522518,0.363104,0.531105,0.372037,0.48499,0.360291,0.0,0.0,0.0,0.0,0.46439,0.301194,0.52001,0.482958,0.495716,0.486633,0.0,0.0,0.49196,0.570447,0.0,0.0,0.483361,0.665528
247,0.49915,0.326944,0.516962,0.362914,0.517708,0.365197,0.490127,0.362799,0.0,0.0,0.0,0.0,0.463378,0.304134,0.520787,0.485669,0.498328,0.485823,0.0,0.0,0.0,0.0,0.0,0.0,0.481973,0.661909
248,0.498612,0.327683,0.519185,0.363394,0.517768,0.365203,0.485946,0.362475,0.0,0.0,0.0,0.0,0.461299,0.302911,0.52188,0.483693,0.495149,0.484234,0.517061,0.575293,0.495863,0.573508,0.0,0.0,0.482234,0.665518
