head_x,head_y,left_shoulder_x,left_shoulder_y,left_elbow_x,left_elbow_y,right_shoulder_x,right_shoulder_y,right_elbow_x,right_elbow_y,left_hand_x,left_hand_y,right_hand_x,right_hand_y,left_hip_x,left_hip_y,right_hip_x,right_hip_y,left_knee_x,left_knee_y,right_knee_x,right_knee_y,left_foot_x,left_foot_y,right_foot_x,right_foot_y,left_hand_to_left_shoulder,right_hand_to_right_shoulder,left_hand_to_left_hip,right_hand_to_right_hip,left_elbow_to_left_shoulder,right_elbow_to_right_shoulder,head_to_hip,head_vx,head_vy,head_vz,head_speed,left_hand_vx,left_hand_vy,left_hand_vz,left_hand_speed,right_hand_vx,right_hand_vy,right_hand_vz,right_hand_speed,head_ax,head_ay,head_az,head_accel,left_hand_ax,left_hand_ay,left_hand_az,left_hand_accel,right_hand_ax,right_hand_ay,right_hand_az,right_hand_accel
0.0,0.0,0.0,0.0,0.0,0.0,0.0,0.0,0.0,0.0,0.0,0.0,0.0,0.0,0.0,0.0,0.0,0.0,0.0,0.0,0.0,0.0,0.0,0.0,0.0,0.0,0.0,0.0,0.0,0.0,0.0,0.0,0.0,1.0,1.0,1.0,0.0,1.0,1.0,1.0,0.0,1.0,1.0,1.0,0.0,0.0,0.0,0.0,0.0,0.0,0.0,0.0,0.0,0.0,0.0,0.0,0.0
0.01763473976057774,0.01763473976057774,0.01763473976057774,0.01763473976057774,0.01763473976057774,0.01763473976057774,0.01763473976057774,0.01763473976057774,0.01763473976057774,0.01763473976057774,0.01763473976057774,0.01763473976057774,0.01763473976057774,0.01763473976057774,0.01763473976057774,0.01763473976057774,0.01763473976057774,0.01763473976057774,0.01763473976057774,0.01763473976057774,0.01763473976057774,0.01763473976057774,0.01763473976057774,0.01763473976057774,0.01763473976057774,0.01763473976057774,0.0,0.0,0.0,0.0,0.0,0.0,0.0,0.9975090251507638,0.9975090251507638,0.9975090251507638,0.07053895904231096,0.9975090251507638,0.9975090251507638,0.9975090251507638,0.07053895904231096,0.9975090251507638,0.9975090251507638,0.9975090251507638,0.07053895904231096,0.0,0.0,0.0,0.07053895904231096,0.0,0.0,0.0,0.07053895904231096,0.0,0.0,0.0,0.07053895904231096
0.03518162413472263,0.03518162413472263,0.03518162413472263,0.03518162413472263,0.03518162413472263,0.03518162413472263,0.03518162413472263,0.03518162413472263,0.03518162413472263,0.03518162413472263,0.03518162413472263,0.03518162413472263,0.03518162413472263,0.03518162413472263,0.03518162413472263,0.03518162413472263,0.03518162413472263,0.03518162413472263,0.03518162413472263,0.03518162413472263,0.03518162413472263,0.03518162413472263,0.03518162413472263,0.03518162413472263,0.03518162413472263,0.03518162413472263,0.0,0.0,0.0,0.0,0.0,0.0,0.0,0.9900485105144543,0.9900485105144543,0.9900485105144543,0.14072649653889052,0.9900485105144543,0.9900485105144543,0.9900485105144543,0.14072649653889052,0.9900485105144543,0.9900485105144543,0.9900485105144543,0.14072649653889052,0.0,0.0,0.0,0.14072649653889052,0.0,0.0,0.0,0.14072649653889052,0.0,0.0,0.0,0.14072649653889052
0.05255323542711777,0.05255323542711777,0.05255323542711777,0.05255323542711777,0.05255323542711777,0.05255323542711777,0.05255323542711777,0.05255323542711777,0.05255323542711777,0.05255323542711777,0.05255323542711777,0.05255323542711777,0.05255323542711777,0.05255323542711777,0.05255323542711777,0.05255323542711777,0.05255323542711777,0.05255323542711777,0.05255323542711777,0.05255323542711777,0.05255323542711777,0.05255323542711777,0.05255323542711777,0.05255323542711777,0.05255323542711777,0.05255323542711777,0.0,0.0,0.0,0.0,0.0,0.0,0.0,0.9776556239997144,0.9776556239997144,0.9776556239997144,0.21021294170847107,0.9776556239997144,0.9776556239997144,0.9776556239997144,0.21021294170847107,0.9776556239997144,0.9776556239997144,0.9776556239997144,0.21021294170847107,0.0,0.0,0.0,0.21021294170847107,0.0,0.0,0.0,0.21021294170847107,0.0,0.0,0.0,0.21021294170847107
0.06966302914412303,0.06966302914412303,0.06966302914412303,0.06966302914412303,0.06966302914412303,0.06966302914412303,0.06966302914412303,0.06966302914412303,0.06966302914412303,0.06966302914412303,0.06966302914412303,0.06966302914412303,0.06966302914412303,0.06966302914412303,0.06966302914412303,0.06966302914412303,0.06966302914412303,0.06966302914412303,0.06966302914412303,0.06966302914412303,0.06966302914412303,0.06966302914412303,0.06966302914412303,0.06966302914412303,0.06966302914412303,0.06966302914412303,0.0,0.0,0.0,0.0,0.0,0.0,0.0,0.9603921063437793,0.9603921063437793,0.9603921063437793,0.27865211657649214,0.9603921063437793,0.9603921063437793,0.9603921063437793,0.27865211657649214,0.9603921063437793,0.9603921063437793,0.9603921063437793,0.27865211657649214,0.0,0.0,0.0,0.27865211657649214,0.0,0.0,0.0,0.27865211657649214,0.0,0.0,0.0,0.27865211657649214
0.08642576515408908,0.08642576515408908,0.08642576515408908,0.08642576515408908,0.08642576515408908,0.08642576515408908,0.08642576515408908,0.08642576515408908,0.08642576515408908,0.08642576515408908,0.08642576515408908,0.08642576515408908,0.08642576515408908,0.08642576515408908,0.08642576515408908,0.08642576515408908,0.08642576515408908,0.08642576515408908,0.08642576515408908,0.08642576515408908,0.08642576515408908,0.08642576515408908,0.08642576515408908,0.08642576515408908,0.08642576515408908,0.08642576515408908,0.0,0.0,0.0,0.0,0.0,0.0,0.0,0.9383439635232295,0.9383439635232295,0.9383439635232295,0.3457030606163563,0.9383439635232295,0.9383439635232295,0.9383439635232295,0.3457030606163563,0.9383439635232295,0.9383439635232295,0.9383439635232295,0.3457030606163563,0.0,0.0,0.0,0.3457030606163563,0.0,0.0,0.0,0.3457030606163563,0.0,0.0,0.0,0.3457030606163563
0.10275793234940545,0.10275793234940545,0.10275793234940545,0.10275793234940545,0.10275793234940545,0.10275793234940545,0.10275793234940545,0.10275793234940545,0.10275793234940545,0.10275793234940545,0.10275793234940545,0.10275793234940545,0.10275793234940545,0.10275793234940545,0.10275793234940545,0.10275793234940545,0.10275793234940545,0.10275793234940545,0.10275793234940545,0.10275793234940545,0.10275793234940545,0.10275793234940545,0.10275793234940545,0.10275793234940545,0.10275793234940545,0.10275793234940545,0.0,0.0,0.0,0.0,0.0,0.0,0.0,0.9116210382765418,0.9116210382765418,0.9116210382765418,0.4110317293976218,0.9116210382765418,0.9116210382765418,0.9116210382765418,0.4110317293976218,0.9116210382765418,0.9116210382765418,0.9116210382765418,0.4110317293976218,0.0,0.0,0.0,0.4110317293976218,0.0,0.0,0.0,0.4110317293976218,0.0,0.0,0.0,0.4110317293976218
0.11857816469463806,0.11857816469463806,0.11857816469463806,0.11857816469463806,0.11857816469463806,0.11857816469463806,0.11857816469463806,0.11857816469463806,0.11857816469463806,0.11857816469463806,0.11857816469463806,0.11857816469463806,0.11857816469463806,0.11857816469463806,0.11857816469463806,0.11857816469463806,0.11857816469463806,0.11857816469463806,0.11857816469463806,0.11857816469463806,0.11857816469463806,0.11857816469463806,0.11857816469463806,0.11857816469463806,0.11857816469463806,0.11857816469463806,0.0,0.0,0.0,0.0,0.0,0.0,0.0,0.8803564628730913,0.8803564628730913,0.8803564628730913,0.4743126587785522,0.8803564628730913,0.8803564628730913,0.8803564628730913,0.4743126587785522,0.8803564628730913,0.8803564628730913,0.8803564628730913,0.4743126587785522,0.0,0.0,0.0,0.4743126587785522,0.0,0.0,0.0,0.4743126587785522,0.0,0.0,0.0,0.4743126587785522
0.13380764658802483,0.13380764658802483,0.13380764658802483,0.13380764658802483,0.13380764658802483,0.13380764658802483,0.13380764658802483,0.13380764658802483,0.13380764658802483,0.13380764658802483,0.13380764658802483,0.13380764658802483,0.13380764658802483,0.13380764658802483,0.13380764658802483,0.13380764658802483,0.13380764658802483,0.13380764658802483,0.13380764658802483,0.13380764658802483,0.13380764658802483,0.13380764658802483,0.13380764658802483,0.13380764658802483,0.13380764658802483,0.13380764658802483,0.0,0.0,0.0,0.0,0.0,0.0,0.0,0.844705995854882,0.844705995854882,0.844705995854882,0.5352305863520993,0.844705995854882,0.844705995854882,0.844705995854882,0.5352305863520993,0.844705995854882,0.844705995854882,0.844705995854882,0.5352305863520993,0.0,0.0,0.0,0.5352305863520993,0.0,0.0,0.0,0.5352305863520993,0.0,0.0,0.0,0.5352305863520993
0.14837050551683906,0.14837050551683906,0.14837050551683906,0.14837050551683906,0.14837050551683906,0.14837050551683906,0.14837050551683906,0.14837050551683906,0.14837050551683906,0.14837050551683906,0.14837050551683906,0.14837050551683906,0.14837050551683906,0.14837050551683906,0.14837050551683906,0.14837050551683906,0.14837050551683906,0.14837050551683906,0.14837050551683906,0.14837050551683906,0.14837050551683906,0.14837050551683906,0.14837050551683906,0.14837050551683906,0.14837050551683906,0.14837050551683906,0.0,0.0,0.0,0.0,0.0,0.0,0.0,0.8048472460553258,0.8048472460553258,0.8048472460553258,0.5934820220673562,0.8048472460553258,0.8048472460553258,0.8048472460553258,0.5934820220673562,0.8048472460553258,0.8048472460553258,0.8048472460553258,0.5934820220673562,0.0,0.0,0.0,0.5934820220673562,0.0,0.0,0.0,0.5934820220673562,0.0,0.0,0.0,0.5934820220673562
0.16219419005043154,0.16219419005043154,0.16219419005043154,0.16219419005043154,0.16219419005043154,0.16219419005043154,0.16219419005043154,0.16219419005043154,0.16219419005043154,0.16219419005043154,0.16219419005043154,0.16219419005043154,0.16219419005043154,0.16219419005043154,0.16219419005043154,0.16219419005043154,0.16219419005043154,0.16219419005043154,0.16219419005043154,0.16219419005043154,0.16219419005043154,0.16219419005043154,0.16219419005043154,0.16219419005043154,0.16219419005043154,0.16219419005043154,0.0,0.0,0.0,0.0,0.0,0.0,0.0,0.7609787877609678,0.7609787877609678,0.7609787877609678,0.6487767602017261,0.7609787877609678,0.7609787877609678,0.7609787877609678,0.6487767602017261,0.7609787877609678,0.7609787877609678,0.7609787877609678,0.6487767602017261,0.0,0.0,0.0,0.6487767602017261,0.0,0.0,0.0,0.6487767602017261,0.0,0.0,0.0,0.6487767602017261
0.17520983128780823,0.17520983128780823,0.17520983128780823,0.17520983128780823,0.17520983128780823,0.17520983128780823,0.17520983128780823,0.17520983128780823,0.17520983128780823,0.17520983128780823,0.17520983128780823,0.17520983128780823,0.17520983128780823,0.17520983128780823,0.17520983128780823,0.17520983128780823,0.17520983128780823,0.17520983128780823,0.17520983128780823,0.17520983128780823,0.17520983128780823,0.17520983128780823,0.17520983128780823,0.17520983128780823,0.17520983128780823,0.17520983128780823,0.0,0.0,0.0,0.0,0.0,0.0,0.0,0.7133191714243802,0.7133191714243802,0.7133191714243802,0.7008393251512329,0.7133191714243802,0.7133191714243802,0.7133191714243802,0.7008393251512329,0.7133191714243802,0.7133191714243802,0.7133191714243802,0.7008393251512329,0.0,0.0,0.0,0.7008393251512329,0.0,0.0,0.0,0.7008393251512329,0.0,0.0,0.0,0.7008393251512329
0.1873525859590313,0.1873525859590313,0.1873525859590313,0.1873525859590313,0.1873525859590313,0.1873525859590313,0.1873525859590313,0.1873525859590313,0.1873525859590313,0.1873525859590313,0.1873525859590313,0.1873525859590313,0.1873525859590313,0.1873525859590313,0.1873525859590313,0.1873525859590313,0.1873525859590313,0.1873525859590313,0.1873525859590313,0.1873525859590313,0.1873525859590313,0.1873525859590313,0.1873525859590313,0.1873525859590313,0.1873525859590313,0.1873525859590313,0.0,0.0,0.0,0.0,0.0,0.0,0.0,0.6621058348568004,0.6621058348568004,0.6621058348568004,0.7494103438361251,0.6621058348568004,0.6621058348568004,0.6621058348568004,0.7494103438361251,0.6621058348568004,0.6621058348568004,0.6621058348568004,0.7494103438361251,0.0,0.0,0.0,0.7494103438361251,0.0,0.0,0.0,0.7494103438361251,0.0,0.0,0.0,0.7494103438361251
0.19856195947112773,0.19856195947112773,0.19856195947112773,0.19856195947112773,0.19856195947112773,0.19856195947112773,0.19856195947112773,0.19856195947112773,0.19856195947112773,0.19856195947112773,0.19856195947112773,0.19856195947112773,0.19856195947112773,0.19856195947112773,0.19856195947112773,0.19856195947112773,0.19856195947112773,0.19856195947112773,0.19856195947112773,0.19856195947112773,0.19856195947112773,0.19856195947112773,0.19856195947112773,0.19856195947112773,0.19856195947112773,0.19856195947112773,0.0,0.0,0.0,0.0,0.0,0.0,0.0,0.607593920324899,0.607593920324899,0.607593920324899,0.7942478378845109,0.607593920324899,0.607593920324899,0.607593920324899,0.7942478378845109,0.607593920324899,0.607593920324899,0.607593920324899,0.7942478378845109,0.0,0.0,0.0,0.7942478378845109,0.0,0.0,0.0,0.7942478378845109,0.0,0.0,0.0,0.7942478378845109
0.2087821072891089,0.2087821072891089,0.2087821072891089,0.2087821072891089,0.2087821072891089,0.2087821072891089,0.2087821072891089,0.2087821072891089,0.2087821072891089,0.2087821072891089,0.2087821072891089,0.2087821072891089,0.2087821072891089,0.2087821072891089,0.2087821072891089,0.2087821072891089,0.2087821072891089,0.2087821072891089,0.2087821072891089,0.2087821072891089,0.2087821072891089,0.2087821072891089,0.2087821072891089,0.2087821072891089,0.2087821072891089,0.2087821072891089,0.0,0.0,0.0,0.0,0.0,0.0,0.0,0.5500550034448414,0.5500550034448414,0.5500550034448414,0.8351284291564356,0.5500550034448414,0.5500550034448414,0.5500550034448414,0.8351284291564356,0.5500550034448414,0.5500550034448414,0.5500550034448414,0.8351284291564356,0.0,0.0,0.0,0.8351284291564356,0.0,0.0,0.0,0.8351284291564356,0.0,0.0,0.0,0.8351284291564356
0.21796211315063466,0.21796211315063466,0.21796211315063466,0.21796211315063466,0.21796211315063466,0.21796211315063466,0.21796211315063466,0.21796211315063466,0.21796211315063466,0.21796211315063466,0.21796211315063466,0.21796211315063466,0.21796211315063466,0.21796211315063466,0.21796211315063466,0.21796211315063466,0.21796211315063466,0.21796211315063466,0.21796211315063466,0.21796211315063466,0.21796211315063466,0.21796211315063466,0.21796211315063466,0.21796211315063466,0.21796211315063466,0.21796211315063466,0.0,0.0,0.0,0.0,0.0,0.0,0.0,0.4897757402062284,0.4897757402062284,0.4897757402062284,0.8718484526025386,0.4897757402062284,0.4897757402062284,0.4897757402062284,0.8718484526025386,0.4897757402062284,0.4897757402062284,0.4897757402062284,0.8718484526025386,0.0,0.0,0.0,0.8718484526025386,0.0,0.0,0.0,0.8718484526025386,0.0,0.0,0.0,0.8718484526025386
0.22605624272827124,0.22605624272827124,0.22605624272827124,0.22605624272827124,0.22605624272827124,0.22605624272827124,0.22605624272827124,0.22605624272827124,0.22605624272827124,0.22605624272827124,0.22605624272827124,0.22605624272827124,0.22605624272827124,0.22605624272827124,0.22605624272827124,0.22605624272827124,0.22605624272827124,0.22605624272827124,0.22605624272827124,0.22605624272827124,0.22605624272827124,0.22605624272827124,0.22605624272827124,0.22605624272827124,0.22605624272827124,0.22605624272827124,0.0,0.0,0.0,0.0,0.0,0.0,0.0,0.427056438866376,0.427056438866376,0.427056438866376,0.904224970913085,0.427056438866376,0.427056438866376,0.427056438866376,0.904224970913085,0.427056438866376,0.427056438866376,0.427056438866376,0.904224970913085,0.0,0.0,0.0,0.904224970913085,0.0,0.0,0.0,0.904224970913085,0.0,0.0,0.0,0.904224970913085
0.2330241714756099,0.2330241714756099,0.2330241714756099,0.2330241714756099,0.2330241714756099,0.2330241714756099,0.2330241714756099,0.2330241714756099,0.2330241714756099,0.2330241714756099,0.2330241714756099,0.2330241714756099,0.2330241714756099,0.2330241714756099,0.2330241714756099,0.2330241714756099,0.2330241714756099,0.2330241714756099,0.2330241714756099,0.2330241714756099,0.2330241714756099,0.2330241714756099,0.2330241714756099,0.2330241714756099,0.2330241714756099,0.2330241714756099,0.0,0.0,0.0,0.0,0.0,0.0,0.0,0.3622095638296826,0.3622095638296826,0.3622095638296826,0.9320966859024395,0.3622095638296826,0.3622095638296826,0.3622095638296826,0.9320966859024395,0.3622095638296826,0.3622095638296826,0.3622095638296826,0.9320966859024395,0.0,0.0,0.0,0.9320966859024395,0.0,0.0,0.0,0.9320966859024395,0.0,0.0,0.0,0.9320966859024395
0.23883118552212887,0.23883118552212887,0.23883118552212887,0.23883118552212887,0.23883118552212887,0.23883118552212887,0.23883118552212887,0.23883118552212887,0.23883118552212887,0.23883118552212887,0.23883118552212887,0.23883118552212887,0.23883118552212887,0.23883118552212887,0.23883118552212887,0.23883118552212887,0.23883118552212887,0.23883118552212887,0.23883118552212887,0.23883118552212887,0.23883118552212887,0.23883118552212887,0.23883118552212887,0.23883118552212887,0.23883118552212887,0.23883118552212887,0.0,0.0,0.0,0.0,0.0,0.0,0.0,0.29555817896568415,0.29555817896568415,0.29555817896568415,0.9553247420885155,0.29555817896568415,0.29555817896568415,0.29555817896568415,0.9553247420885155,0.29555817896568415,0.29555817896568415,0.29555817896568415,0.9553247420885155,0.0,0.0,0.0,0.9553247420885155,0.0,0.0,0.0,0.9553247420885155,0.0,0.0,0.0,0.9553247420885155
0.2434483546159501,0.2434483546159501,0.2434483546159501,0.2434483546159501,0.2434483546159501,0.2434483546159501,0.2434483546159501,0.2434483546159501,0.2434483546159501,0.2434483546159501,0.2434483546159501,0.2434483546159501,0.2434483546159501,0.2434483546159501,0.2434483546159501,0.2434483546159501,0.2434483546159501,0.2434483546159501,0.2434483546159501,0.2434483546159501,0.2434483546159501,0.2434483546159501,0.2434483546159501,0.2434483546159501,0.2434483546159501,0.2434483546159501,0.0,0.0,0.0,0.0,0.0,0.0,0.0,0.22743433812110633,0.22743433812110633,0.22743433812110633,0.9737934184638004,0.22743433812110633,0.22743433812110633,0.22743433812110633,0.9737934184638004,0.22743433812110633,0.22743433812110633,0.22743433812110633,0.9737934184638004,0.0,0.0,0.0,0.9737934184638004,0.0,0.0,0.0,0.9737934184638004,0.0,0.0,0.0,0.9737934184638004
0.2468526762528988,0.2468526762528988,0.2468526762528988,0.2468526762528988,0.2468526762528988,0.2468526762528988,0.2468526762528988,0.2468526762528988,0.2468526762528988,0.2468526762528988,0.2468526762528988,0.2468526762528988,0.2468526762528988,0.2468526762528988,0.2468526762528988,0.2468526762528988,0.2468526762528988,0.2468526762528988,0.2468526762528988,0.2468526762528988,0.2468526762528988,0.2468526762528988,0.2468526762528988,0.2468526762528988,0.2468526762528988,0.2468526762528988,0.0,0.0,0.0,0.0,0.0,0.0,0.0,0.15817743084430405,0.15817743084430405,0.15817743084430405,0.9874107050115952,0.15817743084430405,0.15817743084430405,0.15817743084430405,0.9874107050115952,0.15817743084430405,0.15817743084430405,0.15817743084430405,0.9874107050115952,0.0,0.0,0.0,0.9874107050115952,0.0,0.0,0.0,0.9874107050115952,0.0,0.0,0.0,0.9874107050115952
0.24902719027382225,0.24902719027382225,0.24902719027382225,0.24902719027382225,0.24902719027382225,0.24902719027382225,0.24902719027382225,0.24902719027382225,0.24902719027382225,0.24902719027382225,0.24902719027382225,0.24902719027382225,0.24902719027382225,0.24902719027382225,0.24902719027382225,0.24902719027382225,0.24902719027382225,0.24902719027382225,0.24902719027382225,0.24902719027382225,0.24902719027382225,0.24902719027382225,0.24902719027382225,0.24902719027382225,0.24902719027382225,0.24902719027382225,0.0,0.0,0.0,0.0,0.0,0.0,0.0,0.08813249156360183,0.08813249156360183,0.08813249156360183,0.996108761095289,0.08813249156360183,0.08813249156360183,0.08813249156360183,0.996108761095289,0.08813249156360183,0.08813249156360183,0.08813249156360183,0.996108761095289,0.0,0.0,0.0,0.996108761095289,0.0,0.0,0.0,0.996108761095289,0.0,0.0,0.0,0.996108761095289
0.24996106335924964,0.24996106335924964,0.24996106335924964,0.24996106335924964,0.24996106335924964,0.24996106335924964,0.24996106335924964,0.24996106335924964,0.24996106335924964,0.24996106335924964,0.24996106335924964,0.24996106335924964,0.24996106335924964,0.24996106335924964,0.24996106335924964,0.24996106335924964,0.24996106335924964,0.24996106335924964,0.24996106335924964,0.24996106335924964,0.24996106335924964,0.24996106335924964,0.24996106335924964,0.24996106335924964,0.24996106335924964,0.24996106335924964,0.0,0.0,0.0,0.0,0.0,0.0,0.0,0.017648480643128704,0.017648480643128704,0.017648480643128704,0.9998442534369986,0.017648480643128704,0.017648480643128704,0.017648480643128704,0.9998442534369986,0.017648480643128704,0.017648480643128704,0.017648480643128704,0.9998442534369986,0.0,0.0,0.0,0.9998442534369986,0.0,0.0,0.0,0.9998442534369986,0.0,0.0,0.0,0.9998442534369986
0.2496496430004446,0.2496496430004446,0.2496496430004446,0.2496496430004446,0.2496496430004446,0.2496496430004446,0.2496496430004446,0.2496496430004446,0.2496496430004446,0.2496496430004446,0.2496496430004446,0.2496496430004446,0.2496496430004446,0.2496496430004446,0.2496496430004446,0.2496496430004446,0.2496496430004446,0.2496496430004446,0.2496496430004446,0.2496496430004446,0.2496496430004446,0.2496496430004446,0.2496496430004446,0.2496496430004446,0.2496496430004446,0.2496496430004446,0.0,0.0,0.0,0.0,0.0,0.0,0.0,-0.052923454120162944,-0.052923454120162944,-0.052923454120162944,0.9985985720017784,-0.052923454120162944,-0.052923454120162944,-0.052923454120162944,0.9985985720017784,-0.052923454120162944,-0.052923454120162944,-0.052923454120162944,0.9985985720017784,0.0,0.0,0.0,0.9985985720017784,0.0,0.0,0.0,0.9985985720017784,0.0,0.0,0.0,0.9985985720017784
0.24809448067796974,0.24809448067796974,0.24809448067796974,0.24809448067796974,0.24809448067796974,0.24809448067796974,0.24809448067796974,0.24809448067796974,0.24809448067796974,0.24809448067796974,0.24809448067796974,0.24809448067796974,0.24809448067796974,0.24809448067796974,0.24809448067796974,0.24809448067796974,0.24809448067796974,0.24809448067796974,0.24809448067796974,0.24809448067796974,0.24809448067796974,0.24809448067796974,0.24809448067796974,0.24809448067796974,0.24809448067796974,0.24809448067796974,0.0,0.0,0.0,0.0,0.0,0.0,0.0,-0.12323172689715853,-0.12323172689715853,-0.12323172689715853,0.992377922711879,-0.12323172689715853,-0.12323172689715853,-0.12323172689715853,0.992377922711879,-0.12323172689715853,-0.12323172689715853,-0.12323172689715853,0.992377922711879,0.0,0.0,0.0,0.992377922711879,0.0,0.0,0.0,0.992377922711879,0.0,0.0,0.0,0.992377922711879
0.24530332413228864,0.24530332413228864,0.24530332413228864,0.24530332413228864,0.24530332413228864,0.24530332413228864,0.24530332413228864,0.24530332413228864,0.24530332413228864,0.24530332413228864,0.24530332413228864,0.24530332413228864,0.24530332413228864,0.24530332413228864,0.24530332413228864,0.24530332413228864,0.24530332413228864,0.24530332413228864,0.24530332413228864,0.24530332413228864,0.24530332413228864,0.24530332413228864,0.24530332413228864,0.24530332413228864,0.24530332413228864,0.24530332413228864,0.0,0.0,0.0,0.0,0.0,0.0,0.0,-0.1929260654094968,-0.1929260654094968,-0.1929260654094968,0.9812132965291546,-0.1929260654094968,-0.1929260654094968,-0.1929260654094968,0.9812132965291546,-0.1929260654094968,-0.1929260654094968,-0.1929260654094968,0.9812132965291546,0.0,0.0,0.0,0.9812132965291546,0.0,0.0,0.0,0.9812132965291546,0.0,0.0,0.0,0.9812132965291546
0.2412900787649124,0.2412900787649124,0.2412900787649124,0.2412900787649124,0.2412900787649124,0.2412900787649124,0.2412900787649124,0.2412900787649124,0.2412900787649124,0.2412900787649124,0.2412900787649124,0.2412900787649124,0.2412900787649124,0.2412900787649124,0.2412900787649124,0.2412900787649124,0.2412900787649124,0.2412900787649124,0.2412900787649124,0.2412900787649124,0.2412900787649124,0.2412900787649124,0.2412900787649124,0.2412900787649124,0.2412900787649124,0.2412900787649124,0.0,0.0,0.0,0.0,0.0,0.0,0.0,-0.2616592559684406,-0.2616592559684406,-0.2616592559684406,0.9651603150596496,-0.2616592559684406,-0.2616592559684406,-0.2616592559684406,0.9651603150596496,-0.2616592559684406,-0.2616592559684406,-0.2616592559684406,0.9651603150596496,0.0,0.0,0.0,0.9651603150596496,0.0,0.0,0.0,0.9651603150596496,0.0,0.0,0.0,0.9651603150596496
0.23607473836238896,0.23607473836238896,0.23607473836238896,0.23607473836238896,0.23607473836238896,0.23607473836238896,0.23607473836238896,0.23607473836238896,0.23607473836238896,0.23607473836238896,0.23607473836238896,0.23607473836238896,0.23607473836238896,0.23607473836238896,0.23607473836238896,0.23607473836238896,0.23607473836238896,0.23607473836238896,0.23607473836238896,0.23607473836238896,0.23607473836238896,0.23607473836238896,0.23607473836238896,0.23607473836238896,0.23607473836238896,0.23607473836238896,0.0,0.0,0.0,0.0,0.0,0.0,0.0,-0.3290888732760099,-0.3290888732760099,-0.3290888732760099,0.9442989534495558,-0.3290888732760099,-0.3290888732760099,-0.3290888732760099,0.9442989534495558,-0.3290888732760099,-0.3290888732760099,-0.3290888732760099,0.9442989534495558,0.0,0.0,0.0,0.9442989534495558,0.0,0.0,0.0,0.9442989534495558,0.0,0.0,0.0,0.9442989534495558
0.22968328548826406,0.22968328548826406,0.22968328548826406,0.22968328548826406,0.22968328548826406,0.22968328548826406,0.22968328548826406,0.22968328548826406,0.22968328548826406,0.22968328548826406,0.22968328548826406,0.22968328548826406,0.22968328548826406,0.22968328548826406,0.22968328548826406,0.22968328548826406,0.22968328548826406,0.22968328548826406,0.22968328548826406,0.22968328548826406,0.22968328548826406,0.22968328548826406,0.22968328548826406,0.22968328548826406,0.22968328548826406,0.22968328548826406,0.0,0.0,0.0,0.0,0.0,0.0,0.0,-0.39487898637059116,-0.39487898637059116,-0.39487898637059116,0.9187331419530562,-0.39487898637059116,-0.39487898637059116,-0.39487898637059116,0.9187331419530562,-0.39487898637059116,-0.39487898637059116,-0.39487898637059116,0.9187331419530562,0.0,0.0,0.0,0.9187331419530562,0.0,0.0,0.0,0.9187331419530562,0.0,0.0,0.0,0.9187331419530562
0.22214756203925676,0.22214756203925676,0.22214756203925676,0.22214756203925676,0.22214756203925676,0.22214756203925676,0.22214756203925676,0.22214756203925676,0.22214756203925676,0.22214756203925676,0.22214756203925676,0.22214756203925676,0.22214756203925676,0.22214756203925676,0.22214756203925676,0.22214756203925676,0.22214756203925676,0.22214756203925676,0.22214756203925676,0.22214756203925676,0.22214756203925676,0.22214756203925676,0.22214756203925676,0.22214756203925676,0.22214756203925676,0.22214756203925676,0.0,0.0,0.0,0.0,0.0,0.0,0.0,-0.45870183221809036,-0.45870183221809036,-0.45870183221809036,0.888590248157027,-0.45870183221809036,-0.45870183221809036,-0.45870183221809036,0.888590248157027,-0.45870183221809036,-0.45870183221809036,-0.45870183221809036,0.888590248157027,0.0,0.0,0.0,0.888590248157027,0.0,0.0,0.0,0.888590248157027,0.0,0.0,0.0,0.888590248157027
0.2135051106105316,0.2135051106105316,0.2135051106105316,0.2135051106105316,0.2135051106105316,0.2135051106105316,0.2135051106105316,0.2135051106105316,0.2135051106105316,0.2135051106105316,0.2135051106105316,0.2135051106105316,0.2135051106105316,0.2135051106105316,0.2135051106105316,0.2135051106105316,0.2135051106105316,0.2135051106105316,0.2135051106105316,0.2135051106105316,0.2135051106105316,0.2135051106105316,0.2135051106105316,0.2135051106105316,0.2135051106105316,0.2135051106105316,0.0,0.0,0.0,0.0,0.0,0.0,0.0,-0.5202394486108822,-0.5202394486108822,-0.5202394486108822,0.8540204424421264,-0.5202394486108822,-0.5202394486108822,-0.5202394486108822,0.8540204424421264,-0.5202394486108822,-0.5202394486108822,-0.5202394486108822,0.8540204424421264,0.0,0.0,0.0,0.8540204424421264,0.0,0.0,0.0,0.8540204424421264,0.0,0.0,0.0,0.8540204424421264
0.20379898746037806,0.20379898746037806,0.20379898746037806,0.20379898746037806,0.20379898746037806,0.20379898746037806,0.20379898746037806,0.20379898746037806,0.20379898746037806,0.20379898746037806,0.20379898746037806,0.20379898746037806,0.20379898746037806,0.20379898746037806,0.20379898746037806,0.20379898746037806,0.20379898746037806,0.20379898746037806,0.20379898746037806,0.20379898746037806,0.20379898746037806,0.20379898746037806,0.20379898746037806,0.20379898746037806,0.20379898746037806,0.20379898746037806,0.0,0.0,0.0,0.0,0.0,0.0,0.0,-0.5791852582395332,-0.5791852582395332,-0.5791852582395332,0.8151959498415122,-0.5791852582395332,-0.5791852582395332,-0.5791852582395332,0.8151959498415122,-0.5791852582395332,-0.5791852582395332,-0.5791852582395332,0.8151959498415122,0.0,0.0,0.0,0.8151959498415122,0.0,0.0,0.0,0.8151959498415122,0.0,0.0,0.0,0.8151959498415122
0.19307754800609725,0.19307754800609725,0.19307754800609725,0.19307754800609725,0.19307754800609725,0.19307754800609725,0.19307754800609725,0.19307754800609725,0.19307754800609725,0.19307754800609725,0.19307754800609725,0.19307754800609725,0.19307754800609725,0.19307754800609725,0.19307754800609725,0.19307754800609725,0.19307754800609725,0.19307754800609725,0.19307754800609725,0.19307754800609725,0.19307754800609725,0.19307754800609725,0.19307754800609725,0.19307754800609725,0.19307754800609725,0.19307754800609725,0.0,0.0,0.0,0.0,0.0,0.0,0.0,-0.6352455960455385,-0.6352455960455385,-0.6352455960455385,0.772310192024389,-0.6352455960455385,-0.6352455960455385,-0.6352455960455385,0.772310192024389,-0.6352455960455385,-0.6352455960455385,-0.6352455960455385,0.772310192024389,0.0,0.0,0.0,0.772310192024389,0.0,0.0,0.0,0.772310192024389,0.0,0.0,0.0,0.772310192024389
0.18139420591974567,0.18139420591974567,0.18139420591974567,0.18139420591974567,0.18139420591974567,0.18139420591974567,0.18139420591974567,0.18139420591974567,0.18139420591974567,0.18139420591974567,0.18139420591974567,0.18139420591974567,0.18139420591974567,0.18139420591974567,0.18139420591974567,0.18139420591974567,0.18139420591974567,0.18139420591974567,0.18139420591974567,0.18139420591974567,0.18139420591974567,0.18139420591974567,0.18139420591974567,0.18139420591974567,0.18139420591974567,0.18139420591974567,0.0,0.0,0.0,0.0,0.0,0.0,0.0,-0.6881411722458688,-0.6881411722458688,-0.6881411722458688,0.7255768236789827,-0.6881411722458688,-0.6881411722458688,-0.6881411722458688,0.7255768236789827,-0.6881411722458688,-0.6881411722458688,-0.6881411722458688,0.7255768236789827,0.0,0.0,0.0,0.7255768236789827,0.0,0.0,0.0,0.7255768236789827,0.0,0.0,0.0,0.7255768236789827
0.16880716702390766,0.16880716702390766,0.16880716702390766,0.16880716702390766,0.16880716702390766,0.16880716702390766,0.16880716702390766,0.16880716702390766,0.16880716702390766,0.16880716702390766,0.16880716702390766,0.16880716702390766,0.16880716702390766,0.16880716702390766,0.16880716702390766,0.16880716702390766,0.16880716702390766,0.16880716702390766,0.16880716702390766,0.16880716702390766,0.16880716702390766,0.16880716702390766,0.16880716702390766,0.16880716702390766,0.16880716702390766,0.16880716702390766,0.0,0.0,0.0,0.0,0.0,0.0,0.0,-0.7376084637406222,-0.7376084637406222,-0.7376084637406222,0.6752286680956306,-0.7376084637406222,-0.7376084637406222,-0.7376084637406222,0.6752286680956306,-0.7376084637406222,-0.7376084637406222,-0.7376084637406222,0.6752286680956306,0.0,0.0,0.0,0.6752286680956306,0.0,0.0,0.0,0.6752286680956306,0.0,0.0,0.0,0.6752286680956306
0.15537913931321484,0.15537913931321484,0.15537913931321484,0.15537913931321484,0.15537913931321484,0.15537913931321484,0.15537913931321484,0.15537913931321484,0.15537913931321484,0.15537913931321484,0.15537913931321484,0.15537913931321484,0.15537913931321484,0.15537913931321484,0.15537913931321484,0.15537913931321484,0.15537913931321484,0.15537913931321484,0.15537913931321484,0.15537913931321484,0.15537913931321484,0.15537913931321484,0.15537913931321484,0.15537913931321484,0.15537913931321484,0.15537913931321484,0.0,0.0,0.0,0.0,0.0,0.0,0.0,-0.7834010269718524,-0.7834010269718524,-0.7834010269718524,0.6215165572528594,-0.7834010269718524,-0.7834010269718524,-0.7834010269718524,0.6215165572528594,-0.7834010269718524,-0.7834010269718524,-0.7834010269718524,0.6215165572528594,0.0,0.0,0.0,0.6215165572528594,0.0,0.0,0.0,0.6215165572528594,0.0,0.0,0.0,0.6215165572528594
0.14117702054627176,0.14117702054627176,0.14117702054627176,0.14117702054627176,0.14117702054627176,0.14117702054627176,0.14117702054627176,0.14117702054627176,0.14117702054627176,0.14117702054627176,0.14117702054627176,0.14117702054627176,0.14117702054627176,0.14117702054627176,0.14117702054627176,0.14117702054627176,0.14117702054627176,0.14117702054627176,0.14117702054627176,0.14117702054627176,0.14117702054627176,0.14117702054627176,0.14117702054627176,0.14117702054627176,0.14117702054627176,0.14117702054627176,0.0,0.0,0.0,0.0,0.0,0.0,0.0,-0.8252907256929772,-0.8252907256929772,-0.8252907256929772,0.5647080821850871,-0.8252907256929772,-0.8252907256929772,-0.8252907256929772,0.5647080821850871,-0.8252907256929772,-0.8252907256929772,-0.8252907256929772,0.5647080821850871,0.0,0.0,0.0,0.5647080821850871,0.0,0.0,0.0,0.5647080821850871,0.0,0.0,0.0,0.5647080821850871
0.12627156496438685,0.12627156496438685,0.12627156496438685,0.12627156496438685,0.12627156496438685,0.12627156496438685,0.12627156496438685,0.12627156496438685,0.12627156496438685,0.12627156496438685,0.12627156496438685,0.12627156496438685,0.12627156496438685,0.12627156496438685,0.12627156496438685,0.12627156496438685,0.12627156496438685,0.12627156496438685,0.12627156496438685,0.12627156496438685,0.12627156496438685,0.12627156496438685,0.12627156496438685,0.12627156496438685,0.12627156496438685,0.12627156496438685,0.0,0.0,0.0,0.0,0.0,0.0,0.0,-0.8630688675320841,-0.8630688675320841,-0.8630688675320841,0.5050862598575474,-0.8630688675320841,-0.8630688675320841,-0.8630688675320841,0.5050862598575474,-0.8630688675320841,-0.8630688675320841,-0.8630688675320841,0.5050862598575474,0.0,0.0,0.0,0.5050862598575474,0.0,0.0,0.0,0.5050862598575474,0.0,0.0,0.0,0.5050862598575474
0.110737030797502,0.110737030797502,0.110737030797502,0.110737030797502,0.110737030797502,0.110737030797502,0.110737030797502,0.110737030797502,0.110737030797502,0.110737030797502,0.110737030797502,0.110737030797502,0.110737030797502,0.110737030797502,0.110737030797502,0.110737030797502,0.110737030797502,0.110737030797502,0.110737030797502,0.110737030797502,0.110737030797502,0.110737030797502,0.110737030797502,0.110737030797502,0.110737030797502,0.110737030797502,0.0,0.0,0.0,0.0,0.0,0.0,0.0,-0.8965472436868286,-0.8965472436868286,-0.8965472436868286,0.442948123190008,-0.8965472436868286,-0.8965472436868286,-0.8965472436868286,0.442948123190008,-0.8965472436868286,-0.8965472436868286,-0.8965472436868286,0.442948123190008,0.0,0.0,0.0,0.442948123190008,0.0,0.0,0.0,0.442948123190008,0.0,0.0,0.0,0.442948123190008
0.09465081031342588,0.09465081031342588,0.09465081031342588,0.09465081031342588,0.09465081031342588,0.09465081031342588,0.09465081031342588,0.09465081031342588,0.09465081031342588,0.09465081031342588,0.09465081031342588,0.09465081031342588,0.09465081031342588,0.09465081031342588,0.09465081031342588,0.09465081031342588,0.09465081031342588,0.09465081031342588,0.09465081031342588,0.09465081031342588,0.09465081031342588,0.09465081031342588,0.09465081031342588,0.09465081031342588,0.09465081031342588,0.09465081031342588,0.0,0.0,0.0,0.0,0.0,0.0,0.0,-0.925559066571221,-0.925559066571221,-0.925559066571221,0.37860324125370354,-0.925559066571221,-0.925559066571221,-0.925559066571221,0.37860324125370354,-0.925559066571221,-0.925559066571221,-0.925559066571221,0.37860324125370354,0.0,0.0,0.0,0.37860324125370354,0.0,0.0,0.0,0.37860324125370354,0.0,0.0,0.0,0.37860324125370354
0.07809304425344854,0.07809304425344854,0.07809304425344854,0.07809304425344854,0.07809304425344854,0.07809304425344854,0.07809304425344854,0.07809304425344854,0.07809304425344854,0.07809304425344854,0.07809304425344854,0.07809304425344854,0.07809304425344854,0.07809304425344854,0.07809304425344854,0.07809304425344854,0.07809304425344854,0.07809304425344854,0.07809304425344854,0.07809304425344854,0.07809304425344854,0.07809304425344854,0.07809304425344854,0.07809304425344854,0.07809304425344854,0.07809304425344854,0.0,0.0,0.0,0.0,0.0,0.0,0.0,-0.9499598007429908,-0.9499598007429908,-0.9499598007429908,0.31237217701379416,-0.9499598007429908,-0.9499598007429908,-0.9499598007429908,0.31237217701379416,-0.9499598007429908,-0.9499598007429908,-0.9499598007429908,0.31237217701379416,0.0,0.0,0.0,0.31237217701379416,0.0,0.0,0.0,0.31237217701379416,0.0,0.0,0.0,0.31237217701379416
0.061146222575200054,0.061146222575200054,0.061146222575200054,0.061146222575200054,0.061146222575200054,0.061146222575200054,0.061146222575200054,0.061146222575200054,0.061146222575200054,0.061146222575200054,0.061146222575200054,0.061146222575200054,0.061146222575200054,0.061146222575200054,0.061146222575200054,0.061146222575200054,0.061146222575200054,0.061146222575200054,0.061146222575200054,0.061146222575200054,0.061146222575200054,0.061146222575200054,0.061146222575200054,0.061146222575200054,0.061146222575200054,0.061146222575200054,0.0,0.0,0.0,0.0,0.0,0.0,0.0,-0.9696278829718881,-0.9696278829718881,-0.9696278829718881,0.24458489030080022,-0.9696278829718881,-0.9696278829718881,-0.9696278829718881,0.24458489030080022,-0.9696278829718881,-0.9696278829718881,-0.9696278829718881,0.24458489030080022,0.0,0.0,0.0,0.24458489030080022,0.0,0.0,0.0,0.24458489030080022,0.0,0.0,0.0,0.24458489030080022
0.043894773491830213,0.043894773491830213,0.043894773491830213,0.043894773491830213,0.043894773491830213,0.043894773491830213,0.043894773491830213,0.043894773491830213,0.043894773491830213,0.043894773491830213,0.043894773491830213,0.043894773491830213,0.043894773491830213,0.043894773491830213,0.043894773491830213,0.043894773491830213,0.043894773491830213,0.043894773491830213,0.043894773491830213,0.043894773491830213,0.043894773491830213,0.043894773491830213,0.043894773491830213,0.043894773491830213,0.043894773491830213,0.043894773491830213,0.0,0.0,0.0,0.0,0.0,0.0,0.0,-0.9844653278615834,-0.9844653278615834,-0.9844653278615834,0.17557909396732085,-0.9844653278615834,-0.9844653278615834,-0.9844653278615834,0.17557909396732085,-0.9844653278615834,-0.9844653278615834,-0.9844653278615834,0.17557909396732085,0.0,0.0,0.0,0.17557909396732085,0.0,0.0,0.0,0.17557909396732085,0.0,0.0,0.0,0.17557909396732085
0.026424642854898237,0.026424642854898237,0.026424642854898237,0.026424642854898237,0.026424642854898237,0.026424642854898237,0.026424642854898237,0.026424642854898237,0.026424642854898237,0.026424642854898237,0.026424642854898237,0.026424642854898237,0.026424642854898237,0.026424642854898237,0.026424642854898237,0.026424642854898237,0.026424642854898237,0.026424642854898237,0.026424642854898237,0.026424642854898237,0.026424642854898237,0.026424642854898237,0.026424642854898237,0.026424642854898237,0.026424642854898237,0.026424642854898237,0.0,0.0,0.0,0.0,0.0,0.0,0.0,-0.994398216007982,-0.994398216007982,-0.994398216007982,0.10569857141959295,-0.994398216007982,-0.994398216007982,-0.994398216007982,0.10569857141959295,-0.994398216007982,-0.994398216007982,-0.994398216007982,0.10569857141959295,0.0,0.0,0.0,0.10569857141959295,0.0,0.0,0.0,0.10569857141959295,0.0,0.0,0.0,0.10569857141959295
0.00882286597646317,0.00882286597646317,0.00882286597646317,0.00882286597646317,0.00882286597646317,0.00882286597646317,0.00882286597646317,0.00882286597646317,0.00882286597646317,0.00882286597646317,0.00882286597646317,0.00882286597646317,0.00882286597646317,0.00882286597646317,0.00882286597646317,0.00882286597646317,0.00882286597646317,0.00882286597646317,0.00882286597646317,0.00882286597646317,0.00882286597646317,0.00882286597646317,0.00882286597646317,0.00882286597646317,0.00882286597646317,0.00882286597646317,0.0,0.0,0.0,0.0,0.0,0.0,0.0,-0.9993770622619782,-0.9993770622619782,-0.9993770622619782,0.03529146390585268,-0.9993770622619782,-0.9993770622619782,-0.9993770622619782,0.03529146390585268,-0.9993770622619782,-0.9993770622619782,-0.9993770622619782,0.03529146390585268,0.0,0.0,0.0,0.03529146390585268,0.0,0.0,0.0,0.03529146390585268,0.0,0.0,0.0,0.03529146390585268
-0.00882286597646311,-0.00882286597646311,-0.00882286597646311,-0.00882286597646311,-0.00882286597646311,-0.00882286597646311,-0.00882286597646311,-0.00882286597646311,-0.00882286597646311,-0.00882286597646311,-0.00882286597646311,-0.00882286597646311,-0.00882286597646311,-0.00882286597646311,-0.00882286597646311,-0.00882286597646311,-0.00882286597646311,-0.00882286597646311,-0.00882286597646311,-0.00882286597646311,-0.00882286597646311,-0.00882286597646311,-0.00882286597646311,-0.00882286597646311,-0.00882286597646311,-0.00882286597646311,0.0,0.0,0.0,0.0,0.0,0.0,0.0,-0.9993770622619782,-0.9993770622619782,-0.9993770622619782,0.03529146390585244,-0.9993770622619782,-0.9993770622619782,-0.9993770622619782,0.03529146390585244,-0.9993770622619782,-0.9993770622619782,-0.9993770622619782,0.03529146390585244,0.0,0.0,0.0,0.03529146390585244,0.0,0.0,0.0,0.03529146390585244,0.0,0.0,0.0,0.03529146390585244
-0.026424642854898175,-0.026424642854898175,-0.026424642854898175,-0.026424642854898175,-0.026424642854898175,-0.026424642854898175,-0.026424642854898175,-0.026424642854898175,-0.026424642854898175,-0.026424642854898175,-0.026424642854898175,-0.026424642854898175,-0.026424642854898175,-0.026424642854898175,-0.026424642854898175,-0.026424642854898175,-0.026424642854898175,-0.026424642854898175,-0.026424642854898175,-0.026424642854898175,-0.026424642854898175,-0.026424642854898175,-0.026424642854898175,-0.026424642854898175,-0.026424642854898175,-0.026424642854898175,0.0,0.0,0.0,0.0,0.0,0.0,0.0,-0.9943982160079821,-0.9943982160079821,-0.9943982160079821,0.1056985714195927,-0.9943982160079821,-0.9943982160079821,-0.9943982160079821,0.1056985714195927,-0.9943982160079821,-0.9943982160079821,-0.9943982160079821,0.1056985714195927,0.0,0.0,0.0,0.1056985714195927,0.0,0.0,0.0,0.1056985714195927,0.0,0.0,0.0,0.1056985714195927
-0.04389477349183015,-0.04389477349183015,-0.04389477349183015,-0.04389477349183015,-0.04389477349183015,-0.04389477349183015,-0.04389477349183015,-0.04389477349183015,-0.04389477349183015,-0.04389477349183015,-0.04389477349183015,-0.04389477349183015,-0.04389477349183015,-0.04389477349183015,-0.04389477349183015,-0.04389477349183015,-0.04389477349183015,-0.04389477349183015,-0.04389477349183015,-0.04389477349183015,-0.04389477349183015,-0.04389477349183015,-0.04389477349183015,-0.04389477349183015,-0.04389477349183015,-0.04389477349183015,0.0,0.0,0.0,0.0,0.0,0.0,0.0,-0.9844653278615834,-0.9844653278615834,-0.9844653278615834,0.1755790939673206,-0.9844653278615834,-0.9844653278615834,-0.9844653278615834,0.1755790939673206,-0.9844653278615834,-0.9844653278615834,-0.9844653278615834,0.1755790939673206,0.0,0.0,0.0,0.1755790939673206,0.0,0.0,0.0,0.1755790939673206,0.0,0.0,0.0,0.1755790939673206
-0.06114622257519989,-0.06114622257519989,-0.06114622257519989,-0.06114622257519989,-0.06114622257519989,-0.06114622257519989,-0.06114622257519989,-0.06114622257519989,-0.06114622257519989,-0.06114622257519989,-0.06114622257519989,-0.06114622257519989,-0.06114622257519989,-0.06114622257519989,-0.06114622257519989,-0.06114622257519989,-0.06114622257519989,-0.06114622257519989,-0.06114622257519989,-0.06114622257519989,-0.06114622257519989,-0.06114622257519989,-0.06114622257519989,-0.06114622257519989,-0.06114622257519989,-0.06114622257519989,0.0,0.0,0.0,0.0,0.0,0.0,0.0,-0.9696278829718883,-0.9696278829718883,-0.9696278829718883,0.24458489030079955,-0.9696278829718883,-0.9696278829718883,-0.9696278829718883,0.24458489030079955,-0.9696278829718883,-0.9696278829718883,-0.9696278829718883,0.24458489030079955,0.0,0.0,0.0,0.24458489030079955,0.0,0.0,0.0,0.24458489030079955,0.0,0.0,0.0,0.24458489030079955
-0.07809304425344848,-0.07809304425344848,-0.07809304425344848,-0.07809304425344848,-0.07809304425344848,-0.07809304425344848,-0.07809304425344848,-0.07809304425344848,-0.07809304425344848,-0.07809304425344848,-0.07809304425344848,-0.07809304425344848,-0.07809304425344848,-0.07809304425344848,-0.07809304425344848,-0.07809304425344848,-0.07809304425344848,-0.07809304425344848,-0.07809304425344848,-0.07809304425344848,-0.07809304425344848,-0.07809304425344848,-0.07809304425344848,-0.07809304425344848,-0.07809304425344848,-0.07809304425344848,0.0,0.0,0.0,0.0,0.0,0.0,0.0,-0.9499598007429909,-0.9499598007429909,-0.9499598007429909,0.31237217701379394,-0.9499598007429909,-0.9499598007429909,-0.9499598007429909,0.31237217701379394,-0.9499598007429909,-0.9499598007429909,-0.9499598007429909,0.31237217701379394,0.0,0.0,0.0,0.31237217701379394,0.0,0.0,0.0,0.31237217701379394,0.0,0.0,0.0,0.31237217701379394
-0.09465081031342583,-0.09465081031342583,-0.09465081031342583,-0.09465081031342583,-0.09465081031342583,-0.09465081031342583,-0.09465081031342583,-0.09465081031342583,-0.09465081031342583,-0.09465081031342583,-0.09465081031342583,-0.09465081031342583,-0.09465081031342583,-0.09465081031342583,-0.09465081031342583,-0.09465081031342583,-0.09465081031342583,-0.09465081031342583,-0.09465081031342583,-0.09465081031342583,-0.09465081031342583,-0.09465081031342583,-0.09465081031342583,-0.09465081031342583,-0.09465081031342583,-0.09465081031342583,0.0,0.0,0.0,0.0,0.0,0.0,0.0,-0.9255590665712211,-0.9255590665712211,-0.9255590665712211,0.3786032412537033,-0.9255590665712211,-0.9255590665712211,-0.9255590665712211,0.3786032412537033,-0.9255590665712211,-0.9255590665712211,-0.9255590665712211,0.3786032412537033,0.0,0.0,0.0,0.3786032412537033,0.0,0.0,0.0,0.3786032412537033,0.0,0.0,0.0,0.3786032412537033
-0.11073703079750194,-0.11073703079750194,-0.11073703079750194,-0.11073703079750194,-0.11073703079750194,-0.11073703079750194,-0.11073703079750194,-0.11073703079750194,-0.11073703079750194,-0.11073703079750194,-0.11073703079750194,-0.11073703079750194,-0.11073703079750194,-0.11073703079750194,-0.11073703079750194,-0.11073703079750194,-0.11073703079750194,-0.11073703079750194,-0.11073703079750194,-0.11073703079750194,-0.11073703079750194,-0.11073703079750194,-0.11073703079750194,-0.11073703079750194,-0.11073703079750194,-0.11073703079750194,0.0,0.0,0.0,0.0,0.0,0.0,0.0,-0.8965472436868287,-0.8965472436868287,-0.8965472436868287,0.44294812319000776,-0.8965472436868287,-0.8965472436868287,-0.8965472436868287,0.44294812319000776,-0.8965472436868287,-0.8965472436868287,-0.8965472436868287,0.44294812319000776,0.0,0.0,0.0,0.44294812319000776,0.0,0.0,0.0,0.44294812319000776,0.0,0.0,0.0,0.44294812319000776
-0.1262715649643868,-0.1262715649643868,-0.1262715649643868,-0.1262715649643868,-0.1262715649643868,-0.1262715649643868,-0.1262715649643868,-0.1262715649643868,-0.1262715649643868,-0.1262715649643868,-0.1262715649643868,-0.1262715649643868,-0.1262715649643868,-0.1262715649643868,-0.1262715649643868,-0.1262715649643868,-0.1262715649643868,-0.1262715649643868,-0.1262715649643868,-0.1262715649643868,-0.1262715649643868,-0.1262715649643868,-0.1262715649643868,-0.1262715649643868,-0.1262715649643868,-0.1262715649643868,0.0,0.0,0.0,0.0,0.0,0.0,0.0,-0.8630688675320842,-0.8630688675320842,-0.8630688675320842,0.5050862598575472,-0.8630688675320842,-0.8630688675320842,-0.8630688675320842,0.5050862598575472,-0.8630688675320842,-0.8630688675320842,-0.8630688675320842,0.5050862598575472,0.0,0.0,0.0,0.5050862598575472,0.0,0.0,0.0,0.5050862598575472,0.0,0.0,0.0,0.5050862598575472
-0.14117702054627163,-0.14117702054627163,-0.14117702054627163,-0.14117702054627163,-0.14117702054627163,-0.14117702054627163,-0.14117702054627163,-0.14117702054627163,-0.14117702054627163,-0.14117702054627163,-0.14117702054627163,-0.14117702054627163,-0.14117702054627163,-0.14117702054627163,-0.14117702054627163,-0.14117702054627163,-0.14117702054627163,-0.14117702054627163,-0.14117702054627163,-0.14117702054627163,-0.14117702054627163,-0.14117702054627163,-0.14117702054627163,-0.14117702054627163,-0.14117702054627163,-0.14117702054627163,0.0,0.0,0.0,0.0,0.0,0.0,0.0,-0.8252907256929777,-0.8252907256929777,-0.8252907256929777,0.5647080821850865,-0.8252907256929777,-0.8252907256929777,-0.8252907256929777,0.5647080821850865,-0.8252907256929777,-0.8252907256929777,-0.8252907256929777,0.5647080821850865,0.0,0.0,0.0,0.5647080821850865,0.0,0.0,0.0,0.5647080821850865,0.0,0.0,0.0,0.5647080821850865
-0.1553791393132148,-0.1553791393132148,-0.1553791393132148,-0.1553791393132148,-0.1553791393132148,-0.1553791393132148,-0.1553791393132148,-0.1553791393132148,-0.1553791393132148,-0.1553791393132148,-0.1553791393132148,-0.1553791393132148,-0.1553791393132148,-0.1553791393132148,-0.1553791393132148,-0.1553791393132148,-0.1553791393132148,-0.1553791393132148,-0.1553791393132148,-0.1553791393132148,-0.1553791393132148,-0.1553791393132148,-0.1553791393132148,-0.1553791393132148,-0.1553791393132148,-0.1553791393132148,0.0,0.0,0.0,0.0,0.0,0.0,0.0,-0.7834010269718527,-0.7834010269718527,-0.7834010269718527,0.6215165572528591,-0.7834010269718527,-0.7834010269718527,-0.7834010269718527,0.6215165572528591,-0.7834010269718527,-0.7834010269718527,-0.7834010269718527,0.6215165572528591,0.0,0.0,0.0,0.6215165572528591,0.0,0.0,0.0,0.6215165572528591,0.0,0.0,0.0,0.6215165572528591
-0.1688071670239076,-0.1688071670239076,-0.1688071670239076,-0.1688071670239076,-0.1688071670239076,-0.1688071670239076,-0.1688071670239076,-0.1688071670239076,-0.1688071670239076,-0.1688071670239076,-0.1688071670239076,-0.1688071670239076,-0.1688071670239076,-0.1688071670239076,-0.1688071670239076,-0.1688071670239076,-0.1688071670239076,-0.1688071670239076,-0.1688071670239076,-0.1688071670239076,-0.1688071670239076,-0.1688071670239076,-0.1688071670239076,-0.1688071670239076,-0.1688071670239076,-0.1688071670239076,0.0,0.0,0.0,0.0,0.0,0.0,0.0,-0.7376084637406223,-0.7376084637406223,-0.7376084637406223,0.6752286680956304,-0.7376084637406223,-0.7376084637406223,-0.7376084637406223,0.6752286680956304,-0.7376084637406223,-0.7376084637406223,-0.7376084637406223,0.6752286680956304,0.0,0.0,0.0,0.6752286680956304,0.0,0.0,0.0,0.6752286680956304,0.0,0.0,0.0,0.6752286680956304
-0.18139420591974562,-0.18139420591974562,-0.18139420591974562,-0.18139420591974562,-0.18139420591974562,-0.18139420591974562,-0.18139420591974562,-0.18139420591974562,-0.18139420591974562,-0.18139420591974562,-0.18139420591974562,-0.18139420591974562,-0.18139420591974562,-0.18139420591974562,-0.18139420591974562,-0.18139420591974562,-0.18139420591974562,-0.18139420591974562,-0.18139420591974562,-0.18139420591974562,-0.18139420591974562,-0.18139420591974562,-0.18139420591974562,-0.18139420591974562,-0.18139420591974562,-0.18139420591974562,0.0,0.0,0.0,0.0,0.0,0.0,0.0,-0.688141172245869,-0.688141172245869,-0.688141172245869,0.7255768236789825,-0.688141172245869,-0.688141172245869,-0.688141172245869,0.7255768236789825,-0.688141172245869,-0.688141172245869,-0.688141172245869,0.7255768236789825,0.0,0.0,0.0,0.7255768236789825,0.0,0.0,0.0,0.7255768236789825,0.0,0.0,0.0,0.7255768236789825
-0.1930775480060971,-0.1930775480060971,-0.1930775480060971,-0.1930775480060971,-0.1930775480060971,-0.1930775480060971,-0.1930775480060971,-0.1930775480060971,-0.1930775480060971,-0.1930775480060971,-0.1930775480060971,-0.1930775480060971,-0.1930775480060971,-0.1930775480060971,-0.1930775480060971,-0.1930775480060971,-0.1930775480060971,-0.1930775480060971,-0.1930775480060971,-0.1930775480060971,-0.1930775480060971,-0.1930775480060971,-0.1930775480060971,-0.1930775480060971,-0.1930775480060971,-0.1930775480060971,0.0,0.0,0.0,0.0,0.0,0.0,0.0,-0.635245596045539,-0.635245596045539,-0.635245596045539,0.7723101920243884,-0.635245596045539,-0.635245596045539,-0.635245596045539,0.7723101920243884,-0.635245596045539,-0.635245596045539,-0.635245596045539,0.7723101920243884,0.0,0.0,0.0,0.7723101920243884,0.0,0.0,0.0,0.7723101920243884,0.0,0.0,0.0,0.7723101920243884
-0.20379898746037794,-0.20379898746037794,-0.20379898746037794,-0.20379898746037794,-0.20379898746037794,-0.20379898746037794,-0.20379898746037794,-0.20379898746037794,-0.20379898746037794,-0.20379898746037794,-0.20379898746037794,-0.20379898746037794,-0.20379898746037794,-0.20379898746037794,-0.20379898746037794,-0.20379898746037794,-0.20379898746037794,-0.20379898746037794,-0.20379898746037794,-0.20379898746037794,-0.20379898746037794,-0.20379898746037794,-0.20379898746037794,-0.20379898746037794,-0.20379898746037794,-0.20379898746037794,0.0,0.0,0.0,0.0,0.0,0.0,0.0,-0.5791852582395337,-0.5791852582395337,-0.5791852582395337,0.8151959498415118,-0.5791852582395337,-0.5791852582395337,-0.5791852582395337,0.8151959498415118,-0.5791852582395337,-0.5791852582395337,-0.5791852582395337,0.8151959498415118,0.0,0.0,0.0,0.8151959498415118,0.0,0.0,0.0,0.8151959498415118,0.0,0.0,0.0,0.8151959498415118
-0.21350511061053157,-0.21350511061053157,-0.21350511061053157,-0.21350511061053157,-0.21350511061053157,-0.21350511061053157,-0.21350511061053157,-0.21350511061053157,-0.21350511061053157,-0.21350511061053157,-0.21350511061053157,-0.21350511061053157,-0.21350511061053157,-0.21350511061053157,-0.21350511061053157,-0.21350511061053157,-0.21350511061053157,-0.21350511061053157,-0.21350511061053157,-0.21350511061053157,-0.21350511061053157,-0.21350511061053157,-0.21350511061053157,-0.21350511061053157,-0.21350511061053157,-0.21350511061053157,0.0,0.0,0.0,0.0,0.0,0.0,0.0,-0.5202394486108823,-0.5202394486108823,-0.5202394486108823,0.8540204424421263,-0.5202394486108823,-0.5202394486108823,-0.5202394486108823,0.8540204424421263,-0.5202394486108823,-0.5202394486108823,-0.5202394486108823,0.8540204424421263,0.0,0.0,0.0,0.8540204424421263,0.0,0.0,0.0,0.8540204424421263,0.0,0.0,0.0,0.8540204424421263
-0.22214756203925673,-0.22214756203925673,-0.22214756203925673,-0.22214756203925673,-0.22214756203925673,-0.22214756203925673,-0.22214756203925673,-0.22214756203925673,-0.22214756203925673,-0.22214756203925673,-0.22214756203925673,-0.22214756203925673,-0.22214756203925673,-0.22214756203925673,-0.22214756203925673,-0.22214756203925673,-0.22214756203925673,-0.22214756203925673,-0.22214756203925673,-0.22214756203925673,-0.22214756203925673,-0.22214756203925673,-0.22214756203925673,-0.22214756203925673,-0.22214756203925673,-0.22214756203925673,0.0,0.0,0.0,0.0,0.0,0.0,0.0,-0.4587018322180906,-0.4587018322180906,-0.4587018322180906,0.8885902481570269,-0.4587018322180906,-0.4587018322180906,-0.4587018322180906,0.8885902481570269,-0.4587018322180906,-0.4587018322180906,-0.4587018322180906,0.8885902481570269,0.0,0.0,0.0,0.8885902481570269,0.0,0.0,0.0,0.8885902481570269,0.0,0.0,0.0,0.8885902481570269
-0.22968328548826406,-0.22968328548826406,-0.22968328548826406,-0.22968328548826406,-0.22968328548826406,-0.22968328548826406,-0.22968328548826406,-0.22968328548826406,-0.22968328548826406,-0.22968328548826406,-0.22968328548826406,-0.22968328548826406,-0.22968328548826406,-0.22968328548826406,-0.22968328548826406,-0.22968328548826406,-0.22968328548826406,-0.22968328548826406,-0.22968328548826406,-0.22968328548826406,-0.22968328548826406,-0.22968328548826406,-0.22968328548826406,-0.22968328548826406,-0.22968328548826406,-0.22968328548826406,0.0,0.0,0.0,0.0,0.0,0.0,0.0,-0.39487898637059116,-0.39487898637059116,-0.39487898637059116,0.9187331419530562,-0.39487898637059116,-0.39487898637059116,-0.39487898637059116,0.9187331419530562,-0.39487898637059116,-0.39487898637059116,-0.39487898637059116,0.9187331419530562,0.0,0.0,0.0,0.9187331419530562,0.0,0.0,0.0,0.9187331419530562,0.0,0.0,0.0,0.9187331419530562
-0.2360747383623889,-0.2360747383623889,-0.2360747383623889,-0.2360747383623889,-0.2360747383623889,-0.2360747383623889,-0.2360747383623889,-0.2360747383623889,-0.2360747383623889,-0.2360747383623889,-0.2360747383623889,-0.2360747383623889,-0.2360747383623889,-0.2360747383623889,-0.2360747383623889,-0.2360747383623889,-0.2360747383623889,-0.2360747383623889,-0.2360747383623889,-0.2360747383623889,-0.2360747383623889,-0.2360747383623889,-0.2360747383623889,-0.2360747383623889,-0.2360747383623889,-0.2360747383623889,0.0,0.0,0.0,0.0,0.0,0.0,0.0,-0.3290888732760105,-0.3290888732760105,-0.3290888732760105,0.9442989534495556,-0.3290888732760105,-0.3290888732760105,-0.3290888732760105,0.9442989534495556,-0.3290888732760105,-0.3290888732760105,-0.3290888732760105,0.9442989534495556,0.0,0.0,0.0,0.9442989534495556,0.0,0.0,0.0,0.9442989534495556,0.0,0.0,0.0,0.9442989534495556
-0.24129007876491237,-0.24129007876491237,-0.24129007876491237,-0.24129007876491237,-0.24129007876491237,-0.24129007876491237,-0.24129007876491237,-0.24129007876491237,-0.24129007876491237,-0.24129007876491237,-0.24129007876491237,-0.24129007876491237,-0.24129007876491237,-0.24129007876491237,-0.24129007876491237,-0.24129007876491237,-0.24129007876491237,-0.24129007876491237,-0.24129007876491237,-0.24129007876491237,-0.24129007876491237,-0.24129007876491237,-0.24129007876491237,-0.24129007876491237,-0.24129007876491237,-0.24129007876491237,0.0,0.0,0.0,0.0,0.0,0.0,0.0,-0.26165925596844103,-0.26165925596844103,-0.26165925596844103,0.9651603150596495,-0.26165925596844103,-0.26165925596844103,-0.26165925596844103,0.9651603150596495,-0.26165925596844103,-0.26165925596844103,-0.26165925596844103,0.9651603150596495,0.0,0.0,0.0,0.9651603150596495,0.0,0.0,0.0,0.9651603150596495,0.0,0.0,0.0,0.9651603150596495
-0.2453033241322886,-0.2453033241322886,-0.2453033241322886,-0.2453033241322886,-0.2453033241322886,-0.2453033241322886,-0.2453033241322886,-0.2453033241322886,-0.2453033241322886,-0.2453033241322886,-0.2453033241322886,-0.2453033241322886,-0.2453033241322886,-0.2453033241322886,-0.2453033241322886,-0.2453033241322886,-0.2453033241322886,-0.2453033241322886,-0.2453033241322886,-0.2453033241322886,-0.2453033241322886,-0.2453033241322886,-0.2453033241322886,-0.2453033241322886,-0.2453033241322886,-0.2453033241322886,0.0,0.0,0.0,0.0,0.0,0.0,0.0,-0.19292606540949706,-0.19292606540949706,-0.19292606540949706,0.9812132965291545,-0.19292606540949706,-0.19292606540949706,-0.19292606540949706,0.9812132965291545,-0.19292606540949706,-0.19292606540949706,-0.19292606540949706,0.9812132965291545,0.0,0.0,0.0,0.9812132965291545,0.0,0.0,0.0,0.9812132965291545,0.0,0.0,0.0,0.9812132965291545
-0.24809448067796974,-0.24809448067796974,-0.24809448067796974,-0.24809448067796974,-0.24809448067796974,-0.24809448067796974,-0.24809448067796974,-0.24809448067796974,-0.24809448067796974,-0.24809448067796974,-0.24809448067796974,-0.24809448067796974,-0.24809448067796974,-0.24809448067796974,-0.24809448067796974,-0.24809448067796974,-0.24809448067796974,-0.24809448067796974,-0.24809448067796974,-0.24809448067796974,-0.24809448067796974,-0.24809448067796974,-0.24809448067796974,-0.24809448067796974,-0.24809448067796974,-0.24809448067796974,0.0,0.0,0.0,0.0,0.0,0.0,0.0,-0.12323172689715878,-0.12323172689715878,-0.12323172689715878,0.992377922711879,-0.12323172689715878,-0.12323172689715878,-0.12323172689715878,0.992377922711879,-0.12323172689715878,-0.12323172689715878,-0.12323172689715878,0.992377922711879,0.0,0.0,0.0,0.992377922711879,0.0,0.0,0.0,0.992377922711879,0.0,0.0,0.0,0.992377922711879
-0.2496496430004446,-0.2496496430004446,-0.2496496430004446,-0.2496496430004446,-0.2496496430004446,-0.2496496430004446,-0.2496496430004446,-0.2496496430004446,-0.2496496430004446,-0.2496496430004446,-0.2496496430004446,-0.2496496430004446,-0.2496496430004446,-0.2496496430004446,-0.2496496430004446,-0.2496496430004446,-0.2496496430004446,-0.2496496430004446,-0.2496496430004446,-0.2496496430004446,-0.2496496430004446,-0.2496496430004446,-0.2496496430004446,-0.2496496430004446,-0.2496496430004446,-0.2496496430004446,0.0,0.0,0.0,0.0,0.0,0.0,0.0,-0.052923454120162965,-0.052923454120162965,-0.052923454120162965,0.9985985720017784,-0.052923454120162965,-0.052923454120162965,-0.052923454120162965,0.9985985720017784,-0.052923454120162965,-0.052923454120162965,-0.052923454120162965,0.9985985720017784,0.0,0.0,0.0,0.9985985720017784,0.0,0.0,0.0,0.9985985720017784,0.0,0.0,0.0,0.9985985720017784
-0.24996106335924967,-0.24996106335924967,-0.24996106335924967,-0.24996106335924967,-0.24996106335924967,-0.24996106335924967,-0.24996106335924967,-0.24996106335924967,-0.24996106335924967,-0.24996106335924967,-0.24996106335924967,-0.24996106335924967,-0.24996106335924967,-0.24996106335924967,-0.24996106335924967,-0.24996106335924967,-0.24996106335924967,-0.24996106335924967,-0.24996106335924967,-0.24996106335924967,-0.24996106335924967,-0.24996106335924967,-0.24996106335924967,-0.24996106335924967,-0.24996106335924967,-0.24996106335924967,0.0,0.0,0.0,0.0,0.0,0.0,0.0,0.017648480643128014,0.017648480643128014,0.017648480643128014,0.9998442534369987,0.017648480643128014,0.017648480643128014,0.017648480643128014,0.9998442534369987,0.017648480643128014,0.017648480643128014,0.017648480643128014,0.9998442534369987,0.0,0.0,0.0,0.9998442534369987,0.0,0.0,0.0,0.9998442534369987,0.0,0.0,0.0,0.9998442534369987
-0.24902719027382228,-0.24902719027382228,-0.24902719027382228,-0.24902719027382228,-0.24902719027382228,-0.24902719027382228,-0.24902719027382228,-0.24902719027382228,-0.24902719027382228,-0.24902719027382228,-0.24902719027382228,-0.24902719027382228,-0.24902719027382228,-0.24902719027382228,-0.24902719027382228,-0.24902719027382228,-0.24902719027382228,-0.24902719027382228,-0.24902719027382228,-0.24902719027382228,-0.24902719027382228,-0.24902719027382228,-0.24902719027382228,-0.24902719027382228,-0.24902719027382228,-0.24902719027382228,0.0,0.0,0.0,0.0,0.0,0.0,0.0,0.08813249156360135,0.08813249156360135,0.08813249156360135,0.9961087610952891,0.08813249156360135,0.08813249156360135,0.08813249156360135,0.9961087610952891,0.08813249156360135,0.08813249156360135,0.08813249156360135,0.9961087610952891,0.0,0.0,0.0,0.9961087610952891,0.0,0.0,0.0,0.9961087610952891,0.0,0.0,0.0,0.9961087610952891
-0.2468526762528988,-0.2468526762528988,-0.2468526762528988,-0.2468526762528988,-0.2468526762528988,-0.2468526762528988,-0.2468526762528988,-0.2468526762528988,-0.2468526762528988,-0.2468526762528988,-0.2468526762528988,-0.2468526762528988,-0.2468526762528988,-0.2468526762528988,-0.2468526762528988,-0.2468526762528988,-0.2468526762528988,-0.2468526762528988,-0.2468526762528988,-0.2468526762528988,-0.2468526762528988,-0.2468526762528988,-0.2468526762528988,-0.2468526762528988,-0.2468526762528988,-0.2468526762528988,0.0,0.0,0.0,0.0,0.0,0.0,0.0,0.1581774308443038,0.1581774308443038,0.1581774308443038,0.9874107050115952,0.1581774308443038,0.1581774308443038,0.1581774308443038,0.9874107050115952,0.1581774308443038,0.1581774308443038,0.1581774308443038,0.9874107050115952,0.0,0.0,0.0,0.9874107050115952,0.0,0.0,0.0,0.9874107050115952,0.0,0.0,0.0,0.9874107050115952
-0.2434483546159501,-0.2434483546159501,-0.2434483546159501,-0.2434483546159501,-0.2434483546159501,-0.2434483546159501,-0.2434483546159501,-0.2434483546159501,-0.2434483546159501,-0.2434483546159501,-0.2434483546159501,-0.2434483546159501,-0.2434483546159501,-0.2434483546159501,-0.2434483546159501,-0.2434483546159501,-0.2434483546159501,-0.2434483546159501,-0.2434483546159501,-0.2434483546159501,-0.2434483546159501,-0.2434483546159501,-0.2434483546159501,-0.2434483546159501,-0.2434483546159501,-0.2434483546159501,0.0,0.0,0.0,0.0,0.0,0.0,0.0,0.2274343381211063,0.2274343381211063,0.2274343381211063,0.9737934184638004,0.2274343381211063,0.2274343381211063,0.2274343381211063,0.9737934184638004,0.2274343381211063,0.2274343381211063,0.2274343381211063,0.9737934184638004,0.0,0.0,0.0,0.9737934184638004,0.0,0.0,0.0,0.9737934184638004,0.0,0.0,0.0,0.9737934184638004
-0.23883118552212887,-0.23883118552212887,-0.23883118552212887,-0.23883118552212887,-0.23883118552212887,-0.23883118552212887,-0.23883118552212887,-0.23883118552212887,-0.23883118552212887,-0.23883118552212887,-0.23883118552212887,-0.23883118552212887,-0.23883118552212887,-0.23883118552212887,-0.23883118552212887,-0.23883118552212887,-0.23883118552212887,-0.23883118552212887,-0.23883118552212887,-0.23883118552212887,-0.23883118552212887,-0.23883118552212887,-0.23883118552212887,-0.23883118552212887,-0.23883118552212887,-0.23883118552212887,0.0,0.0,0.0,0.0,0.0,0.0,0.0,0.29555817896568415,0.29555817896568415,0.29555817896568415,0.9553247420885155,0.29555817896568415,0.29555817896568415,0.29555817896568415,0.9553247420885155,0.29555817896568415,0.29555817896568415,0.29555817896568415,0.9553247420885155,0.0,0.0,0.0,0.9553247420885155,0.0,0.0,0.0,0.9553247420885155,0.0,0.0,0.0,0.9553247420885155
-0.23302417147560994,-0.23302417147560994,-0.23302417147560994,-0.23302417147560994,-0.23302417147560994,-0.23302417147560994,-0.23302417147560994,-0.23302417147560994,-0.23302417147560994,-0.23302417147560994,-0.23302417147560994,-0.23302417147560994,-0.23302417147560994,-0.23302417147560994,-0.23302417147560994,-0.23302417147560994,-0.23302417147560994,-0.23302417147560994,-0.23302417147560994,-0.23302417147560994,-0.23302417147560994,-0.23302417147560994,-0.23302417147560994,-0.23302417147560994,-0.23302417147560994,-0.23302417147560994,0.0,0.0,0.0,0.0,0.0,0.0,0.0,0.362209563829682,0.362209563829682,0.362209563829682,0.9320966859024398,0.362209563829682,0.362209563829682,0.362209563829682,0.9320966859024398,0.362209563829682,0.362209563829682,0.362209563829682,0.9320966859024398,0.0,0.0,0.0,0.9320966859024398,0.0,0.0,0.0,0.9320966859024398,0.0,0.0,0.0,0.9320966859024398
-0.22605624272827127,-0.22605624272827127,-0.22605624272827127,-0.22605624272827127,-0.22605624272827127,-0.22605624272827127,-0.22605624272827127,-0.22605624272827127,-0.22605624272827127,-0.22605624272827127,-0.22605624272827127,-0.22605624272827127,-0.22605624272827127,-0.22605624272827127,-0.22605624272827127,-0.22605624272827127,-0.22605624272827127,-0.22605624272827127,-0.22605624272827127,-0.22605624272827127,-0.22605624272827127,-0.22605624272827127,-0.22605624272827127,-0.22605624272827127,-0.22605624272827127,-0.22605624272827127,0.0,0.0,0.0,0.0,0.0,0.0,0.0,0.42705643886637557,0.42705643886637557,0.42705643886637557,0.9042249709130851,0.42705643886637557,0.42705643886637557,0.42705643886637557,0.9042249709130851,0.42705643886637557,0.42705643886637557,0.42705643886637557,0.9042249709130851,0.0,0.0,0.0,0.9042249709130851,0.0,0.0,0.0,0.9042249709130851,0.0,0.0,0.0,0.9042249709130851
-0.21796211315063468,-0.21796211315063468,-0.21796211315063468,-0.21796211315063468,-0.21796211315063468,-0.21796211315063468,-0.21796211315063468,-0.21796211315063468,-0.21796211315063468,-0.21796211315063468,-0.21796211315063468,-0.21796211315063468,-0.21796211315063468,-0.21796211315063468,-0.21796211315063468,-0.21796211315063468,-0.21796211315063468,-0.21796211315063468,-0.21796211315063468,-0.21796211315063468,-0.21796211315063468,-0.21796211315063468,-0.21796211315063468,-0.21796211315063468,-0.21796211315063468,-0.21796211315063468,0.0,0.0,0.0,0.0,0.0,0.0,0.0,0.48977574020622816,0.48977574020622816,0.48977574020622816,0.8718484526025387,0.48977574020622816,0.48977574020622816,0.48977574020622816,0.8718484526025387,0.48977574020622816,0.48977574020622816,0.48977574020622816,0.8718484526025387,0.0,0.0,0.0,0.8718484526025387,0.0,0.0,0.0,0.8718484526025387,0.0,0.0,0.0,0.8718484526025387
-0.2087821072891089,-0.2087821072891089,-0.2087821072891089,-0.2087821072891089,-0.2087821072891089,-0.2087821072891089,-0.2087821072891089,-0.2087821072891089,-0.2087821072891089,-0.2087821072891089,-0.2087821072891089,-0.2087821072891089,-0.2087821072891089,-0.2087821072891089,-0.2087821072891089,-0.2087821072891089,-0.2087821072891089,-0.2087821072891089,-0.2087821072891089,-0.2087821072891089,-0.2087821072891089,-0.2087821072891089,-0.2087821072891089,-0.2087821072891089,-0.2087821072891089,-0.2087821072891089,0.0,0.0,0.0,0.0,0.0,0.0,0.0,0.5500550034448413,0.5500550034448413,0.5500550034448413,0.8351284291564356,0.5500550034448413,0.5500550034448413,0.5500550034448413,0.8351284291564356,0.5500550034448413,0.5500550034448413,0.5500550034448413,0.8351284291564356,0.0,0.0,0.0,0.8351284291564356,0.0,0.0,0.0,0.8351284291564356,0.0,0.0,0.0,0.8351284291564356
-0.1985619594711277,-0.1985619594711277,-0.1985619594711277,-0.1985619594711277,-0.1985619594711277,-0.1985619594711277,-0.1985619594711277,-0.1985619594711277,-0.1985619594711277,-0.1985619594711277,-0.1985619594711277,-0.1985619594711277,-0.1985619594711277,-0.1985619594711277,-0.1985619594711277,-0.1985619594711277,-0.1985619594711277,-0.1985619594711277,-0.1985619594711277,-0.1985619594711277,-0.1985619594711277,-0.1985619594711277,-0.1985619594711277,-0.1985619594711277,-0.1985619594711277,-0.1985619594711277,0.0,0.0,0.0,0.0,0.0,0.0,0.0,0.6075939203248991,0.6075939203248991,0.6075939203248991,0.7942478378845108,0.6075939203248991,0.6075939203248991,0.6075939203248991,0.7942478378845108,0.6075939203248991,0.6075939203248991,0.6075939203248991,0.7942478378845108,0.0,0.0,0.0,0.7942478378845108,0.0,0.0,0.0,0.7942478378845108,0.0,0.0,0.0,0.7942478378845108
-0.1873525859590314,-0.1873525859590314,-0.1873525859590314,-0.1873525859590314,-0.1873525859590314,-0.1873525859590314,-0.1873525859590314,-0.1873525859590314,-0.1873525859590314,-0.1873525859590314,-0.1873525859590314,-0.1873525859590314,-0.1873525859590314,-0.1873525859590314,-0.1873525859590314,-0.1873525859590314,-0.1873525859590314,-0.1873525859590314,-0.1873525859590314,-0.1873525859590314,-0.1873525859590314,-0.1873525859590314,-0.1873525859590314,-0.1873525859590314,-0.1873525859590314,-0.1873525859590314,0.0,0.0,0.0,0.0,0.0,0.0,0.0,0.6621058348568,0.6621058348568,0.6621058348568,0.7494103438361256,0.6621058348568,0.6621058348568,0.6621058348568,0.7494103438361256,0.6621058348568,0.6621058348568,0.6621058348568,0.7494103438361256,0.0,0.0,0.0,0.7494103438361256,0.0,0.0,0.0,0.7494103438361256,0.0,0.0,0.0,0.7494103438361256
-0.17520983128780832,-0.17520983128780832,-0.17520983128780832,-0.17520983128780832,-0.17520983128780832,-0.17520983128780832,-0.17520983128780832,-0.17520983128780832,-0.17520983128780832,-0.17520983128780832,-0.17520983128780832,-0.17520983128780832,-0.17520983128780832,-0.17520983128780832,-0.17520983128780832,-0.17520983128780832,-0.17520983128780832,-0.17520983128780832,-0.17520983128780832,-0.17520983128780832,-0.17520983128780832,-0.17520983128780832,-0.17520983128780832,-0.17520983128780832,-0.17520983128780832,-0.17520983128780832,0.0,0.0,0.0,0.0,0.0,0.0,0.0,0.71331917142438,0.71331917142438,0.71331917142438,0.7008393251512333,0.71331917142438,0.71331917142438,0.71331917142438,0.7008393251512333,0.71331917142438,0.71331917142438,0.71331917142438,0.7008393251512333,0.0,0.0,0.0,0.7008393251512333,0.0,0.0,0.0,0.7008393251512333,0.0,0.0,0.0,0.7008393251512333
-0.16219419005043156,-0.16219419005043156,-0.16219419005043156,-0.16219419005043156,-0.16219419005043156,-0.16219419005043156,-0.16219419005043156,-0.16219419005043156,-0.16219419005043156,-0.16219419005043156,-0.16219419005043156,-0.16219419005043156,-0.16219419005043156,-0.16219419005043156,-0.16219419005043156,-0.16219419005043156,-0.16219419005043156,-0.16219419005043156,-0.16219419005043156,-0.16219419005043156,-0.16219419005043156,-0.16219419005043156,-0.16219419005043156,-0.16219419005043156,-0.16219419005043156,-0.16219419005043156,0.0,0.0,0.0,0.0,0.0,0.0,0.0,0.7609787877609676,0.7609787877609676,0.7609787877609676,0.6487767602017263,0.7609787877609676,0.7609787877609676,0.7609787877609676,0.6487767602017263,0.7609787877609676,0.7609787877609676,0.7609787877609676,0.6487767602017263,0.0,0.0,0.0,0.6487767602017263,0.0,0.0,0.0,0.6487767602017263,0.0,0.0,0.0,0.6487767602017263
-0.14837050551683909,-0.14837050551683909,-0.14837050551683909,-0.14837050551683909,-0.14837050551683909,-0.14837050551683909,-0.14837050551683909,-0.14837050551683909,-0.14837050551683909,-0.14837050551683909,-0.14837050551683909,-0.14837050551683909,-0.14837050551683909,-0.14837050551683909,-0.14837050551683909,-0.14837050551683909,-0.14837050551683909,-0.14837050551683909,-0.14837050551683909,-0.14837050551683909,-0.14837050551683909,-0.14837050551683909,-0.14837050551683909,-0.14837050551683909,-0.14837050551683909,-0.14837050551683909,0.0,0.0,0.0,0.0,0.0,0.0,0.0,0.8048472460553256,0.8048472460553256,0.8048472460553256,0.5934820220673563,0.8048472460553256,0.8048472460553256,0.8048472460553256,0.5934820220673563,0.8048472460553256,0.8048472460553256,0.8048472460553256,0.5934820220673563,0.0,0.0,0.0,0.5934820220673563,0.0,0.0,0.0,0.5934820220673563,0.0,0.0,0.0,0.5934820220673563
-0.1338076465880248,-0.1338076465880248,-0.1338076465880248,-0.1338076465880248,-0.1338076465880248,-0.1338076465880248,-0.1338076465880248,-0.1338076465880248,-0.1338076465880248,-0.1338076465880248,-0.1338076465880248,-0.1338076465880248,-0.1338076465880248,-0.1338076465880248,-0.1338076465880248,-0.1338076465880248,-0.1338076465880248,-0.1338076465880248,-0.1338076465880248,-0.1338076465880248,-0.1338076465880248,-0.1338076465880248,-0.1338076465880248,-0.1338076465880248,-0.1338076465880248,-0.1338076465880248,0.0,0.0,0.0,0.0,0.0,0.0,0.0,0.8447059958548822,0.8447059958548822,0.8447059958548822,0.5352305863520992,0.8447059958548822,0.8447059958548822,0.8447059958548822,0.5352305863520992,0.8447059958548822,0.8447059958548822,0.8447059958548822,0.5352305863520992,0.0,0.0,0.0,0.5352305863520992,0.0,0.0,0.0,0.5352305863520992,0.0,0.0,0.0,0.5352305863520992
-0.1185781646946382,-0.1185781646946382,-0.1185781646946382,-0.1185781646946382,-0.1185781646946382,-0.1185781646946382,-0.1185781646946382,-0.1185781646946382,-0.1185781646946382,-0.1185781646946382,-0.1185781646946382,-0.1185781646946382,-0.1185781646946382,-0.1185781646946382,-0.1185781646946382,-0.1185781646946382,-0.1185781646946382,-0.1185781646946382,-0.1185781646946382,-0.1185781646946382,-0.1185781646946382,-0.1185781646946382,-0.1185781646946382,-0.1185781646946382,-0.1185781646946382,-0.1185781646946382,0.0,0.0,0.0,0.0,0.0,0.0,0.0,0.8803564628730911,0.8803564628730911,0.8803564628730911,0.4743126587785528,0.8803564628730911,0.8803564628730911,0.8803564628730911,0.4743126587785528,0.8803564628730911,0.8803564628730911,0.8803564628730911,0.4743126587785528,0.0,0.0,0.0,0.4743126587785528,0.0,0.0,0.0,0.4743126587785528,0.0,0.0,0.0,0.4743126587785528
-0.10275793234940554,-0.10275793234940554,-0.10275793234940554,-0.10275793234940554,-0.10275793234940554,-0.10275793234940554,-0.10275793234940554,-0.10275793234940554,-0.10275793234940554,-0.10275793234940554,-0.10275793234940554,-0.10275793234940554,-0.10275793234940554,-0.10275793234940554,-0.10275793234940554,-0.10275793234940554,-0.10275793234940554,-0.10275793234940554,-0.10275793234940554,-0.10275793234940554,-0.10275793234940554,-0.10275793234940554,-0.10275793234940554,-0.10275793234940554,-0.10275793234940554,-0.10275793234940554,0.0,0.0,0.0,0.0,0.0,0.0,0.0,0.9116210382765417,0.9116210382765417,0.9116210382765417,0.41103172939762217,0.9116210382765417,0.9116210382765417,0.9116210382765417,0.41103172939762217,0.9116210382765417,0.9116210382765417,0.9116210382765417,0.41103172939762217,0.0,0.0,0.0,0.41103172939762217,0.0,0.0,0.0,0.41103172939762217,0.0,0.0,0.0,0.41103172939762217
-0.08642576515408913,-0.08642576515408913,-0.08642576515408913,-0.08642576515408913,-0.08642576515408913,-0.08642576515408913,-0.08642576515408913,-0.08642576515408913,-0.08642576515408913,-0.08642576515408913,-0.08642576515408913,-0.08642576515408913,-0.08642576515408913,-0.08642576515408913,-0.08642576515408913,-0.08642576515408913,-0.08642576515408913,-0.08642576515408913,-0.08642576515408913,-0.08642576515408913,-0.08642576515408913,-0.08642576515408913,-0.08642576515408913,-0.08642576515408913,-0.08642576515408913,-0.08642576515408913,0.0,0.0,0.0,0.0,0.0,0.0,0.0,0.9383439635232295,0.9383439635232295,0.9383439635232295,0.34570306061635653,0.9383439635232295,0.9383439635232295,0.9383439635232295,0.34570306061635653,0.9383439635232295,0.9383439635232295,0.9383439635232295,0.34570306061635653,0.0,0.0,0.0,0.34570306061635653,0.0,0.0,0.0,0.34570306061635653,0.0,0.0,0.0,0.34570306061635653
-0.06966302914412306,-0.06966302914412306,-0.06966302914412306,-0.06966302914412306,-0.06966302914412306,-0.06966302914412306,-0.06966302914412306,-0.06966302914412306,-0.06966302914412306,-0.06966302914412306,-0.06966302914412306,-0.06966302914412306,-0.06966302914412306,-0.06966302914412306,-0.06966302914412306,-0.06966302914412306,-0.06966302914412306,-0.06966302914412306,-0.06966302914412306,-0.06966302914412306,-0.06966302914412306,-0.06966302914412306,-0.06966302914412306,-0.06966302914412306,-0.06966302914412306,-0.06966302914412306,0.0,0.0,0.0,0.0,0.0,0.0,0.0,0.9603921063437793,0.9603921063437793,0.9603921063437793,0.27865211657649225,0.9603921063437793,0.9603921063437793,0.9603921063437793,0.27865211657649225,0.9603921063437793,0.9603921063437793,0.9603921063437793,0.27865211657649225,0.0,0.0,0.0,0.27865211657649225,0.0,0.0,0.0,0.27865211657649225,0.0,0.0,0.0,0.27865211657649225
-0.05255323542711775,-0.05255323542711775,-0.05255323542711775,-0.05255323542711775,-0.05255323542711775,-0.05255323542711775,-0.05255323542711775,-0.05255323542711775,-0.05255323542711775,-0.05255323542711775,-0.05255323542711775,-0.05255323542711775,-0.05255323542711775,-0.05255323542711775,-0.05255323542711775,-0.05255323542711775,-0.05255323542711775,-0.05255323542711775,-0.05255323542711775,-0.05255323542711775,-0.05255323542711775,-0.05255323542711775,-0.05255323542711775,-0.05255323542711775,-0.05255323542711775,-0.05255323542711775,0.0,0.0,0.0,0.0,0.0,0.0,0.0,0.9776556239997144,0.9776556239997144,0.9776556239997144,0.210212941708471,0.9776556239997144,0.9776556239997144,0.9776556239997144,0.210212941708471,0.9776556239997144,0.9776556239997144,0.9776556239997144,0.210212941708471,0.0,0.0,0.0,0.210212941708471,0.0,0.0,0.0,0.210212941708471,0.0,0.0,0.0,0.210212941708471
-0.03518162413472278,-0.03518162413472278,-0.03518162413472278,-0.03518162413472278,-0.03518162413472278,-0.03518162413472278,-0.03518162413472278,-0.03518162413472278,-0.03518162413472278,-0.03518162413472278,-0.03518162413472278,-0.03518162413472278,-0.03518162413472278,-0.03518162413472278,-0.03518162413472278,-0.03518162413472278,-0.03518162413472278,-0.03518162413472278,-0.03518162413472278,-0.03518162413472278,-0.03518162413472278,-0.03518162413472278,-0.03518162413472278,-0.03518162413472278,-0.03518162413472278,-0.03518162413472278,0.0,0.0,0.0,0.0,0.0,0.0,0.0,0.9900485105144543,0.9900485105144543,0.9900485105144543,0.14072649653889113,0.9900485105144543,0.9900485105144543,0.9900485105144543,0.14072649653889113,0.9900485105144543,0.9900485105144543,0.9900485105144543,0.14072649653889113,0.0,0.0,0.0,0.14072649653889113,0.0,0.0,0.0,0.14072649653889113,0.0,0.0,0.0,0.14072649653889113
-0.017634739760577847,-0.017634739760577847,-0.017634739760577847,-0.017634739760577847,-0.017634739760577847,-0.017634739760577847,-0.017634739760577847,-0.017634739760577847,-0.017634739760577847,-0.017634739760577847,-0.017634739760577847,-0.017634739760577847,-0.017634739760577847,-0.017634739760577847,-0.017634739760577847,-0.017634739760577847,-0.017634739760577847,-0.017634739760577847,-0.017634739760577847,-0.017634739760577847,-0.017634739760577847,-0.017634739760577847,-0.017634739760577847,-0.017634739760577847,-0.017634739760577847,-0.017634739760577847,0.0,0.0,0.0,0.0,0.0,0.0,0.0,0.9975090251507638,0.9975090251507638,0.9975090251507638,0.07053895904231139,0.9975090251507638,0.9975090251507638,0.9975090251507638,0.07053895904231139,0.9975090251507638,0.9975090251507638,0.9975090251507638,0.07053895904231139,0.0,0.0,0.0,0.07053895904231139,0.0,0.0,0.0,0.07053895904231139,0.0,0.0,0.0,0.07053895904231139
-6.123233995736766e-17,-6.123233995736766e-17,-6.123233995736766e-17,-6.123233995736766e-17,-6.123233995736766e-17,-6.123233995736766e-17,-6.123233995736766e-17,-6.123233995736766e-17,-6.123233995736766e-17,-6.123233995736766e-17,-6.123233995736766e-17,-6.123233995736766e-17,-6.123233995736766e-17,-6.123233995736766e-17,-6.123233995736766e-17,-6.123233995736766e-17,-6.123233995736766e-17,-6.123233995736766e-17,-6.123233995736766e-17,-6.123233995736766e-17,-6.123233995736766e-17,-6.123233995736766e-17,-6.123233995736766e-17,-6.123233995736766e-17,-6.123233995736766e-17,-6.123233995736766e-17,0.0,0.0,0.0,0.0,0.0,0.0,0.0,1.0,1.0,1.0,2.4492935982947064e-16,1.0,1.0,1.0,2.4492935982947064e-16,1.0,1.0,1.0,2.4492935982947064e-16,0.0,0.0,0.0,2.4492935982947064e-16,0.0,0.0,0.0,2.4492935982947064e-16,0.0,0.0,0.0,2.4492935982947064e-16
