FrameNo,head_x,head_y,head_z,left_shoulder_x,left_shoulder_y,left_shoulder_z,left_elbow_x,left_elbow_y,left_elbow_z,right_shoulder_x,right_shoulder_y,right_shoulder_z,right_elbow_x,right_elbow_y,right_elbow_z,left_hand_x,left_hand_y,left_hand_z,right_hand_x,right_hand_y,right_hand_z,left_hip_x,left_hip_y,left_hip_z,right_hip_x,right_hip_y,right_hip_z,left_knee_x,left_knee_y,left_knee_z,right_knee_x,right_knee_y,right_knee_z,left_foot_x,left_foot_y,left_foot_z,right_foot_x,right_foot_y,right_foot_z
75,-0.006994050000000001,0.788557,0.11786100000000001,-0.175098,0.5544769999999999,0.05015544,-0.30330300000000004,0.7030949999999999,-0.1200336,0.17718750000000003,0.5452049999999999,0.062338319999999996,0.3403365,0.6878664999999999,-0.082314,-0.19317900000000002,0.96273,-0.13303859999999998,0.25251450000000003,0.923248,-0.13428299999999999,-0.08601075000000001,0.020540899999999997,-0.04703118,0.09185295,0.017700399999999998,-0.047348400000000006,-0.11854500000000001,-0.42145799999999994,-0.06855726,0.1331505,-0.444277,-0.02928012,-0.10480890000000001,-0.8130194999999999,-0.08963148,0.15015,-0.8242295,-0.05379582
76,-0.00683865,0.788557,0.1165554,-0.1751295,0.5544769999999999,0.0497454,-0.3035025,0.7030949999999999,-0.12037020000000001,0.17733450000000003,0.5452049999999999,0.0620517,0.34071450000000003,0.6878664999999999,-0.08284746000000001,-0.19360950000000002,0.9622549999999999,-0.1330692,0.254772,0.920835,-0.13715940000000001,-0.08610000000000001,0.020540899999999997,-0.04721172,0.09186975000000001,0.017700399999999998,-0.04755546,-0.11825100000000001,-0.42145799999999994,-0.07041162,0.1332765,-0.444277,-0.03088254,-0.10464195,-0.8130194999999999,-0.09013944,0.1501815,-0.8242295,-0.05428746
77,-0.00663705,0.7879109999999999,0.1147602,-0.17511900000000002,0.5542775,0.04918542,-0.30366000000000004,0.7020784999999999,-0.1208496,0.17738700000000002,0.5450434999999999,0.06156312,0.34136550000000004,0.6869449999999999,-0.08350434,-0.19397699999999998,0.96178,-0.13248780000000002,0.25704,0.9174625,-0.1395564,-0.08618400000000001,0.0202122,-0.047460600000000006,0.0918939,0.0174173,-0.04777476,-0.11782050000000001,-0.42152449999999997,-0.0741591,0.13352850000000002,-0.444277,-0.03388746,-0.10455165,-0.8130194999999999,-0.09065045999999999,0.1503075,-0.824885,-0.055282979999999995
78,-0.00638085,0.78698,0.1126182,-0.17515050000000001,0.554002,0.048405119999999996,-0.30379649999999997,0.7009669999999999,-0.1213188,0.177576,0.5446445,0.06088176,0.342153,0.685824,-0.0841602,-0.19425,0.96121,-0.131937,0.2593395,0.9139189999999999,-0.14181059999999998,-0.08621340000000001,0.019733399999999998,-0.04768194,0.09191385,0.017015449999999998,-0.04802058000000001,-0.11730600000000001,-0.421743,-0.07806876,0.13381200000000001,-0.444277,-0.037406459999999996,-0.10441935,-0.813352,-0.0910401,0.1504125,-0.8258255,-0.056449860000000004
79,-0.006132,0.7846335,0.11045579999999999,-0.1752975,0.552406,0.04754322,-0.303891,0.698497,-0.1218492,0.177807,0.5429155,0.06030954,0.34306650000000005,0.6832874999999999,-0.08483442,-0.1945755,0.959405,-0.13135560000000002,0.261618,0.908998,-0.1437486,-0.08620080000000001,0.01793885,-0.047912460000000004,0.09196109999999999,0.015356749999999999,-0.0482511,-0.1169385,-0.421743,-0.08257308,0.13423200000000002,-0.44453349999999997,-0.041677200000000005,-0.10413795,-0.814815,-0.09169392000000001,0.15054900000000002,-0.827089,-0.057538200000000005
80,-0.0058044,0.7820305,0.1079568,-0.17531850000000002,0.550487,0.0465579,-0.303975,0.6958654999999999,-0.1223592,0.1780275,0.5409965,0.05966796,0.34428450000000005,0.6800194999999999,-0.08558513999999999,-0.1969905,0.9520899999999999,-0.1309476,0.264222,0.903393,-0.1453296,-0.0861819,0.015930549999999998,-0.04814094000000001,0.09205455,0.013496649999999999,-0.04842144,-0.116277,-0.42285449999999997,-0.08769858,0.13476749999999998,-0.4449895,-0.04654362,-0.1038114,-0.816316,-0.09224268000000001,0.1506855,-0.8285995,-0.05858268
81,-0.005457900000000001,0.7794085,0.10539660000000001,-0.1753605,0.5483685,0.04548894,-0.30411150000000003,0.6930725,-0.1230222,0.178353,0.538897,0.05889786,0.34557600000000005,0.676571,-0.08631546000000001,-0.199353,0.9446039999999999,-0.13058039999999999,0.2669205,0.897598,-0.14690040000000001,-0.08616615,0.013699,-0.0483378,0.09232649999999999,0.011400949999999998,-0.048516300000000005,-0.1155525,-0.4240135,-0.09354522,0.13542900000000002,-0.44518899999999995,-0.0514743,-0.10350060000000001,-0.817855,-0.09330348000000001,0.15081150000000001,-0.8295399999999999,-0.05963532
82,-0.004969650000000001,0.7763209999999999,0.1021326,-0.1752765,0.5458795,0.04409664,-0.30430050000000003,0.690194,-0.124083,0.17876250000000002,0.5366265,0.05795436,0.34702500000000003,0.672771,-0.0871743,-0.20143200000000003,0.9368234999999999,-0.1299888,0.26973450000000004,0.8914799999999999,-0.14828760000000002,-0.08614935,0.011284099999999998,-0.0485469,0.09266985000000001,0.00914755,-0.04858872,-0.1147965,-0.424916,-0.09958362,0.13621650000000002,-0.44529349999999995,-0.056659980000000006,-0.10315515,-0.8194794999999999,-0.09439386,0.1509375,-0.8305849999999999,-0.060751200000000005
83,-0.00438585,0.7724639999999999,0.09766602,-0.175098,0.542621,0.04181898,-0.304815,0.686641,-0.1257456,0.179424,0.533653,0.05634582,0.3488625,0.6684009999999999,-0.08867268,-0.203343,0.9284064999999999,-0.12923400000000002,0.272874,0.8848109999999999,-0.14947080000000001,-0.0858627,0.00826595,-0.04883556,0.09340065,0.0063631,-0.04859382,-0.11372550000000001,-0.42589449999999995,-0.10685520000000001,0.1373715,-0.44530299999999995,-0.06263004,-0.10274250000000001,-0.8212845,-0.09574128,0.1511895,-0.830908,-0.0615111
84,-0.00378735,0.7685405,0.09311478,-0.17487750000000002,0.539106,0.03935262,-0.30536100000000005,0.6828505,-0.12763259999999998,0.18023250000000002,0.5304135,0.054475140000000005,0.350868,0.6640595,-0.09007824,-0.205023,0.919771,-0.12835680000000002,0.276171,0.8779425,-0.150756,-0.08543745,0.005001749999999999,-0.04919358,0.09428475,0.0033535,-0.04857342,-0.112623,-0.426645,-0.11407679999999999,0.138726,-0.4453125,-0.06888161999999999,-0.1022133,-0.8232794999999999,-0.09715806,0.1512525,-0.8318864999999999,-0.062316899999999995
85,-0.003087,0.764313,0.08793624,-0.17461500000000002,0.535135,0.03638442,-0.3059805,0.6785564999999999,-0.1298256,0.18112499999999998,0.5269174999999999,0.05223318,0.353052,0.6595565,-0.0915042,-0.206304,0.9110024999999999,-0.127092,0.277578,0.8738765,-0.150654,-0.08487675000000001,0.0015361499999999998,-0.04958424,0.0953799,9.879999999999999e-05,-0.048489779999999996,-0.111384,-0.427747,-0.1216248,0.140154,-0.4453125,-0.07519032,-0.10170405,-0.8253029999999999,-0.0986238,0.15132600000000002,-0.83277,-0.06318185999999999
86,-0.0023824500000000004,0.7601235,0.08288112,-0.174342,0.5310689999999999,0.03321732,-0.3065895,0.6743005,-0.132447,0.18204900000000002,0.523469,0.04997796,0.35547750000000006,0.655044,-0.0933147,-0.2073645,0.902044,-0.1258068,0.27902699999999997,0.8697155,-0.1505418,-0.0842247,-0.0019779,-0.049929,0.0966063,-0.00322335,-0.048395940000000005,-0.11025,-0.4288395,-0.1271328,0.1414665,-0.44502749999999996,-0.0802485,-0.10117485,-0.82726,-0.10034862,0.1516725,-0.833378,-0.06368166
87,-0.0016737,0.7558199999999999,0.07754448,-0.17400600000000002,0.5264519999999999,0.02934642,-0.30710400000000004,0.6697595,-0.1355376,0.183057,0.519498,0.04713726,0.358092,0.6503319999999999,-0.09550362000000001,-0.208257,0.8929239999999999,-0.1243482,0.2805705,0.8653075,-0.1504296,-0.08354850000000001,-0.005758899999999999,-0.050334960000000005,0.09788940000000002,-0.00685615,-0.048324540000000006,-0.109032,-0.42931449999999993,-0.13307940000000001,0.1428945,-0.44477099999999997,-0.08526894,-0.1007391,-0.828875,-0.10185822000000001,0.1520505,-0.8342615,-0.06437730000000001
88,-0.0008001,0.751982,0.07075434,-0.17350200000000002,0.5224905,0.02469216,-0.307608,0.665551,-0.13942380000000001,0.184233,0.516135,0.04345404,0.3612945,0.646152,-0.098481,-0.20898150000000001,0.884108,-0.12283859999999999,0.2821035,0.861289,-0.1483896,-0.0828261,-0.00891765,-0.05074092,0.09932895000000001,-0.00978975,-0.048249059999999996,-0.1078875,-0.42931449999999993,-0.1390158,0.1442175,-0.445208,-0.09026592000000001,-0.10046400000000001,-0.8293784999999999,-0.1031628,0.15246,-0.834575,-0.06504846
89,0.00014805000000000002,0.7484195,0.06369084,-0.1729245,0.5187189999999999,0.0199308,-0.3082275,0.6610765,-0.143565,0.185451,0.5131994999999999,0.03958722,0.3644865,0.6416394999999999,-0.10144308,-0.2104725,0.8804599999999999,-0.1229508,0.28368899999999997,0.8569285,-0.14697179999999999,-0.0821205,-0.01155295,-0.05115402,0.1008105,-0.012144799999999999,-0.04820826,-0.1066485,-0.42931449999999993,-0.14461559999999998,0.14554050000000002,-0.445208,-0.09499362,-0.10023510000000001,-0.8293784999999999,-0.10390740000000001,0.15268050000000002,-0.834575,-0.06504846
90,0.0011508,0.7448379999999999,0.05596332,-0.17226300000000003,0.5149379999999999,0.01466148,-0.30873150000000005,0.6562979999999999,-0.1483998,0.1866375,0.5102165000000001,0.03516348,0.36789900000000003,0.637317,-0.10488660000000001,-0.2106825,0.8763559999999999,-0.12303240000000001,0.2853585,0.8525395,-0.1456968,-0.08145585,-0.014149299999999998,-0.051552839999999996,0.10211985,-0.014420049999999998,-0.04820826,-0.105483,-0.42931449999999993,-0.14986860000000002,0.1468005,-0.445208,-0.09987024,-0.09995475000000001,-0.8293784999999999,-0.1046928,0.15297449999999999,-0.834575,-0.06504336000000001
91,0.0020674499999999998,0.7416079999999999,0.0481491,-0.1715175,0.5114705,0.00930546,-0.309456,0.6517664999999999,-0.1540302,0.18782400000000002,0.507205,0.03035724,0.37132200000000004,0.633061,-0.10871159999999999,-0.2106405,0.872062,-0.1236444,0.2870175,0.848046,-0.1451154,-0.080787,-0.0169385,-0.05203734,0.10342710000000001,-0.0168055,-0.04818072,-0.10433955,-0.42905799999999994,-0.1551624,0.1480605,-0.44444799999999995,-0.10491719999999999,-0.099687,-0.8293405,-0.1054272,0.1532475,-0.8342615,-0.06513618
92,0.0029715,0.7387295,0.04026246,-0.17071950000000002,0.5081835,0.00386172,-0.309834,0.6476434999999999,-0.159681,0.189,0.5048109999999999,0.02514606,0.37471350000000003,0.628995,-0.1126998,-0.2101995,0.8674925,-0.12430740000000001,0.28849800000000003,0.8437995,-0.1450032,-0.0803649,-0.0191159,-0.052515719999999995,0.10439625000000001,-0.0187929,-0.04838268,-0.1034922,-0.428222,-0.1592322,0.148869,-0.44288049999999995,-0.10914,-0.0994833,-0.8281054999999999,-0.105774,0.15328950000000002,-0.8325895,-0.06562578
93,0.0038881500000000004,0.735946,0.03223812,-0.1698795,0.5050389999999999,-0.00154734,-0.31031700000000007,0.6433875,-0.1654236,0.19012350000000003,0.5022935000000001,0.01992366,0.378063,0.6249764999999999,-0.1169634,-0.2091705,0.8631605,-0.1250724,0.289758,0.83942,-0.1449114,-0.08003625,-0.0214681,-0.05291352,0.105294,-0.020887649999999997,-0.04866216,-0.10271205000000001,-0.427519,-0.16321020000000003,0.14933100000000002,-0.44224399999999997,-0.11288340000000001,-0.09929009999999999,-0.82688,-0.1058454,0.15335250000000003,-0.830965,-0.06611436
94,0.00477435,0.7330674999999999,0.0238068,-0.16908150000000002,0.5021224999999999,-0.00723078,-0.3107055,0.6392074999999999,-0.1711764,0.191247,0.5000325,0.01456764,0.3813915,0.620996,-0.1214616,-0.2085195,0.8587904999999999,-0.12725519999999998,0.2909235,0.8352209999999999,-0.1448196,-0.0797181,-0.0237158,-0.0532644,0.106155,-0.022719249999999996,-0.04911096,-0.10204845,-0.4268065,-0.1665354,0.149982,-0.44075249999999994,-0.1168818,-0.09909165,-0.825816,-0.1058454,0.1536255,-0.8291885,-0.06659682
95,0.0057288,0.7303885,0.01472676,-0.1682625,0.4991109999999999,-0.01334568,-0.31124100000000005,0.634752,-0.17727600000000002,0.1924335,0.4976764999999999,0.008599619999999999,0.384489,0.61693,-0.1264596,-0.20794200000000002,0.852872,-0.1302846,0.291837,0.830737,-0.1450032,-0.0792603,-0.02593025,-0.05343168,0.10712100000000001,-0.024620200000000002,-0.04953018,-0.10141425000000001,-0.42647399999999996,-0.1701768,0.15061200000000002,-0.44075249999999994,-0.1209312,-0.09887115,-0.8250179999999999,-0.1059066,0.1537725,-0.8273739999999999,-0.0668355
96,0.006672750000000001,0.7278425,0.0057395400000000004,-0.167475,0.496242,-0.019460579999999998,-0.31188150000000003,0.6303249999999999,-0.1832226,0.193578,0.49582400000000004,0.00276624,0.38746050000000004,0.6129494999999999,-0.1315188,-0.2073855,0.8469439999999999,-0.1339362,0.2922885,0.826215,-0.1467882,-0.07874265000000001,-0.027806499999999998,-0.053392919999999996,0.1081185,-0.026270349999999998,-0.049618920000000004,-0.10083360000000001,-0.426512,-0.1734918,0.15124200000000002,-0.44075249999999994,-0.12481740000000001,-0.09860025,-0.8246665,-0.1062534,0.153909,-0.825588,-0.06719352
97,0.00757365,0.7257049999999999,-0.00267036,-0.166719,0.493791,-0.025138920000000002,-0.31242749999999997,0.6264774999999999,-0.1888938,0.1946175,0.49405699999999997,-0.0027774600000000003,0.38989650000000003,0.6093299999999999,-0.13629239999999998,-0.206451,0.8411109999999999,-0.1385874,0.29251950000000004,0.822111,-0.14892,-0.07815885,-0.02965615,-0.05334804,0.10906350000000001,-0.0279908,-0.04950876,-0.10023405,-0.427082,-0.17654160000000002,0.1517985,-0.44112299999999993,-0.1292748,-0.09833985,-0.8249515,-0.10671240000000001,0.1540455,-0.8238495,-0.06743934
98,0.00869925,0.7230355,-0.01181262,-0.1659315,0.49076999999999993,-0.03143232,-0.312774,0.621946,-0.1958502,0.19567800000000002,0.49194799999999994,-0.00913206,0.39223800000000003,0.605986,-0.1423308,-0.205149,0.834309,-0.1457172,0.292782,0.8181209999999999,-0.1521738,-0.07749105,-0.0318364,-0.053297040000000004,0.110061,-0.03009125,-0.04941186,-0.0993405,-0.42757599999999996,-0.1792242,0.1524075,-0.44155049999999996,-0.1334058,-0.09802170000000002,-0.8251415,-0.1069776,0.15402449999999998,-0.8222155,-0.06745974
99,0.00984585,0.7201759999999999,-0.020517300000000002,-0.16512300000000002,0.48715049999999993,-0.03783588,-0.31317300000000003,0.617462,-0.2026026,0.1967805,0.4891835,-0.01573758,0.39427500000000004,0.6024805,-0.14859360000000002,-0.20387850000000002,0.8276589999999999,-0.1533876,0.29311800000000005,0.8139219999999999,-0.1563252,-0.07674974999999999,-0.034692100000000003,-0.05297268,0.11125800000000001,-0.032783549999999995,-0.04927314000000001,-0.09836715,-0.4279845,-0.1820394,0.152922,-0.4420825,-0.1369962,-0.09778650000000001,-0.8252175,-0.1072734,0.154014,-0.8205054999999999,-0.06746076000000001
100,0.011075400000000001,0.7166705,-0.0295392,-0.164367,0.48323649999999996,-0.044239440000000005,-0.313026,0.6124554999999999,-0.2090184,0.1977885,0.48624799999999996,-0.0222921,0.39621750000000006,0.5989369999999999,-0.15504,-0.202797,0.8208094999999999,-0.16193520000000003,0.293496,0.8096564999999999,-0.1610784,-0.0759927,-0.037855599999999996,-0.052498380000000004,0.1126125,-0.0359898,-0.04915278000000001,-0.0974043,-0.42864949999999996,-0.1846914,0.15314250000000001,-0.44288049999999995,-0.14007660000000002,-0.09756285,-0.825265,-0.107202,0.15402449999999998,-0.818881,-0.06753827999999999
101,0.01231125,0.7130035,-0.03777162,-0.1636005,0.479446,-0.0501483,-0.3129,0.607183,-0.2156688,0.1986285,0.48323649999999996,-0.027973500000000002,0.39784500000000006,0.5950325,-0.16182300000000002,-0.2019675,0.8138555,-0.168453,0.2932125,0.8046785,-0.1663212,-0.07518315,-0.041439,-0.05171808,0.114009,-0.039409799999999995,-0.048812100000000004,-0.0964488,-0.4296185,-0.18744539999999998,0.1533,-0.44383999999999996,-0.1435446,-0.0974589,-0.82555,-0.10736520000000001,0.1540455,-0.818634,-0.0679524
102,0.01372245,0.7088234999999999,-0.04631922,-0.16252950000000002,0.4752374999999999,-0.0562887,-0.31245900000000004,0.6017395,-0.2227374,0.19947900000000002,0.479883,-0.0342669,0.3993465,0.5907765,-0.1690956,-0.2010645,0.8064169999999999,-0.175389,0.29248799999999997,0.7993489999999999,-0.17212500000000003,-0.07446180000000001,-0.04513925,-0.0506277,0.115374,-0.0431566,-0.04811646,-0.09549225,-0.430825,-0.1901994,0.153447,-0.444885,-0.147237,-0.09733080000000001,-0.826139,-0.1078548,0.1540455,-0.8184155,-0.06815538
103,0.01516305,0.7041305,-0.0545343,-0.161469,0.471067,-0.061990500000000004,-0.31189200000000006,0.5960679999999999,-0.2297754,0.200277,0.4764725,-0.04066638,0.4006905,0.5859315,-0.17697,-0.1997835,0.7987505,-0.1811724,0.29124900000000004,0.7930695,-0.1788468,-0.07382865000000001,-0.048811,-0.04935474,0.116592,-0.0467799,-0.047180099999999996,-0.0945126,-0.43217399999999995,-0.1929432,0.15369900000000003,-0.444999,-0.1502562,-0.09724890000000001,-0.826804,-0.1083444,0.1540665,-0.8184155,-0.06839508
104,0.01657845,0.6989909999999999,-0.06221286,-0.160293,0.4668775,-0.06732612,-0.311304,0.5902635,-0.236997,0.2009805,0.4721595,-0.04659054,0.40144650000000004,0.5807635,-0.18487499999999998,-0.19705350000000002,0.7924235,-0.1864152,0.289653,0.7865049999999999,-0.18559920000000002,-0.07350000000000001,-0.05310595,-0.04787064,0.11767350000000001,-0.05139025,-0.045842879999999996,-0.09359805,-0.4354705,-0.1952688,0.1540455,-0.44819099999999995,-0.15321420000000002,-0.09721635,-0.8295399999999999,-0.109293,0.1540875,-0.8185294999999999,-0.06871638
105,0.018054749999999998,0.6933575,-0.06988122000000001,-0.15914850000000003,0.4628115,-0.07214664,-0.3107055,0.5839555,-0.24433080000000001,0.2016105,0.4676375,-0.05226072,0.402108,0.5751395,-0.1930554,-0.193893,0.7860015,-0.1913316,0.2876685,0.7794655,-0.1915866,-0.073269,-0.057601349999999996,-0.045815339999999996,0.11865,-0.05612315,-0.044089500000000004,-0.0927654,-0.43890949999999995,-0.197523,0.15442350000000002,-0.4518675,-0.15587640000000003,-0.09714075,-0.832637,-0.1102416,0.1541925,-0.8187099999999999,-0.0694365
106,0.01948905,0.6868025,-0.07724256,-0.1581195,0.4579,-0.07656426000000001,-0.31008600000000003,0.5766025,-0.25203180000000003,0.20221950000000002,0.462118,-0.05779728,0.40279050000000005,0.568727,-0.2014704,-0.19040700000000002,0.779285,-0.19569720000000002,0.2852115,0.7714095,-0.1981554,-0.0731031,-0.06298309999999999,-0.04354584,0.1195005,-0.0616436,-0.0419781,-0.09206085000000001,-0.4431085,-0.199818,0.154623,-0.455487,-0.157386,-0.0969948,-0.833568,-0.110466,0.1543185,-0.8193085,-0.07015764
107,0.02076375,0.679877,-0.0841143,-0.15711150000000002,0.4532355,-0.08034642,-0.30914100000000005,0.568727,-0.2585598,0.20271300000000003,0.45657949999999997,-0.06253212,0.40341,0.561393,-0.20906940000000002,-0.1867425,0.7735185,-0.1978392,0.282828,0.7627929999999999,-0.2050812,-0.07302750000000001,-0.06826035,-0.04113456,0.120204,-0.0671099,-0.039627,-0.09168285000000001,-0.44708899999999996,-0.20230679999999998,0.154938,-0.4586125,-0.1589466,-0.09686355,-0.833815,-0.1106292,0.1545495,-0.819831,-0.07111338
108,0.021969150000000003,0.6727139999999999,-0.09069126000000001,-0.1561875,0.4490935,-0.0835329,-0.3079545,0.5607565,-0.2648328,0.20303849999999998,0.45135449999999994,-0.06651522,0.40379850000000006,0.553622,-0.21643379999999998,-0.18316200000000002,0.7640184999999999,-0.2018376,0.2810955,0.754034,-0.21161939999999999,-0.073038,-0.07306924999999999,-0.03887934,0.120729,-0.07221425,-0.03729528,-0.09141825,-0.45068949999999997,-0.2043468,0.1553265,-0.46177599999999996,-0.16069080000000002,-0.0968793,-0.833815,-0.1106394,0.15474900000000003,-0.8204009999999999,-0.0719151
109,0.02306325,0.6658359999999999,-0.09629718000000001,-0.1550535,0.44467599999999996,-0.0865776,-0.3066,0.552558,-0.27079980000000003,0.20335350000000002,0.446006,-0.07041264,0.403767,0.5451954999999999,-0.2236554,-0.17934000000000003,0.7541764999999999,-0.206346,0.279405,0.7448475,-0.2183106,-0.07306845000000001,-0.07774609999999998,-0.03640788,0.12117000000000001,-0.07711815,-0.034873799999999996,-0.09112215,-0.4540905,-0.20626440000000001,0.1554105,-0.465196,-0.16113960000000002,-0.09696855,-0.833815,-0.1106394,0.154896,-0.8211229999999999,-0.07190286
110,0.024087,0.6589674999999999,-0.1016685,-0.1537095,0.44020149999999997,-0.08937852,-0.30524550000000006,0.544312,-0.2761038,0.2036265,0.44020149999999997,-0.07464972,0.40338900000000005,0.536959,-0.23006100000000002,-0.1754235,0.7448094999999999,-0.210834,0.278208,0.7360789999999999,-0.2242674,-0.07291515000000001,-0.0824638,-0.03379974,0.121779,-0.0821313,-0.03213,-0.09096045,-0.45744399999999996,-0.206703,0.155631,-0.46876799999999996,-0.163557,-0.0970914,-0.833815,-0.1109556,0.155106,-0.8218545,-0.07276374
111,0.025123350000000003,0.651662,-0.1070898,-0.15253350000000002,0.435708,-0.09202848,-0.303744,0.5359045,-0.28133640000000004,0.203889,0.434872,-0.07830438,0.40281150000000004,0.528447,-0.2362422,-0.171885,0.7353190000000001,-0.215271,0.277746,0.7273864999999999,-0.2299794,-0.0725781,-0.0870181,-0.03104268,0.12248250000000001,-0.08673974999999999,-0.02923626,-0.0907872,-0.46057899999999996,-0.206856,0.15596700000000002,-0.472321,-0.16547460000000003,-0.09719745,-0.8333875,-0.11138400000000001,0.15535800000000002,-0.8226525,-0.07364910000000001
112,0.026126100000000003,0.6448505,-0.111996,-0.1509375,0.4307205,-0.09474474,-0.3021795,0.527079,-0.2864058,0.2041515,0.42978949999999994,-0.08155716,0.40216050000000003,0.5199444999999999,-0.24187260000000002,-0.1687875,0.725667,-0.2200548,0.2777565,0.7189504999999999,-0.2350488,-0.0720678,-0.09157525,-0.0275757,0.123396,-0.09132349999999999,-0.0258162,-0.0905205,-0.4634765,-0.206856,0.1563765,-0.4757125,-0.16694340000000002,-0.09732240000000002,-0.832333,-0.1109964,0.155589,-0.8234504999999999,-0.0744651
113,0.027330450000000003,0.6378394999999999,-0.11719800000000001,-0.1494045,0.4257995,-0.09718356,-0.30038400000000004,0.5183960000000001,-0.2907306,0.204351,0.42409899999999995,-0.08493846000000001,0.401457,0.5115084999999999,-0.2467686,-0.165858,0.7160815,-0.2250222,0.2781555,0.7108945,-0.2399652,-0.07149555,-0.09625399999999999,-0.0235875,0.12439350000000002,-0.096064,-0.021791280000000003,-0.09004695,-0.466887,-0.2068152,0.15675450000000002,-0.4785625,-0.1680348,-0.09745155000000001,-0.83106,-0.11076180000000001,0.1558515,-0.8243054999999999,-0.07525253999999999
114,0.02855055,0.6306765,-0.1224408,-0.14788199999999999,0.4210305,-0.09930414,-0.2983365,0.5091525,-0.295545,0.20439300000000002,0.418494,-0.08831262000000001,0.400722,0.502474,-0.2517666,-0.16433550000000002,0.7064675,-0.23043840000000002,0.277578,0.702468,-0.2448306,-0.0707301,-0.10060499999999999,-0.01966662,0.12537,-0.10060499999999999,-0.0175236,-0.08956710000000001,-0.468141,-0.20677440000000002,0.15708000000000003,-0.47973099999999996,-0.1680042,-0.09750615,-0.8295115,-0.1100886,0.1560825,-0.825265,-0.07579926000000001
115,0.02981475,0.6241785,-0.127857,-0.1463595,0.4173255,-0.10142676,-0.29603700000000005,0.501296,-0.2997882,0.20439300000000002,0.414162,-0.09139608,0.40015500000000004,0.493772,-0.256275,-0.1622355,0.6964925,-0.24040380000000003,0.27714750000000005,0.694754,-0.249645,-0.0698691,-0.1040155,-0.01526838,0.1262415,-0.10420549999999999,-0.01263066,-0.0894516,-0.468141,-0.2082024,0.15768900000000002,-0.47973099999999996,-0.16946280000000002,-0.09765,-0.8285899999999999,-0.1106088,0.156303,-0.825265,-0.07640922
116,0.030991800000000003,0.617652,-0.1333242,-0.143976,0.411958,-0.104499,-0.2936115,0.49378149999999993,-0.30405180000000004,0.20449799999999999,0.40935499999999997,-0.0950232,0.3997245,0.48562099999999997,-0.26086499999999996,-0.15987300000000002,0.686147,-0.2503896,0.27666450000000004,0.6874675,-0.2538066,-0.0688716,-0.1076825,-0.010464180000000002,0.1270185,-0.107996,-0.00693804,-0.08936025,-0.468141,-0.2095284,0.158466,-0.47973099999999996,-0.17088060000000002,-0.09782535,-0.8273455000000001,-0.11094540000000001,0.1565655,-0.825265,-0.07695594
117,0.03242295,0.6109924999999999,-0.1389852,-0.14165550000000002,0.40685649999999995,-0.1073142,-0.2910285,0.4850795,-0.308856,0.204519,0.40480449999999996,-0.09847998,0.3994515,0.4770709999999999,-0.26568959999999997,-0.1577205,0.6785375,-0.2586312,0.27616050000000003,0.6790885,-0.261171,-0.06754335,-0.11191949999999999,0.0022654199999999998,0.12726,-0.1122995,0.00616182,-0.08928885,-0.468141,-0.21065040000000002,0.1591905,-0.47973099999999996,-0.1721148,-0.09809100000000001,-0.8255024999999999,-0.111231,0.15675450000000002,-0.825265,-0.07755468
118,0.03425625,0.6026799999999999,-0.1450032,-0.1382955,0.39975049999999995,-0.1112208,-0.2880255,0.47630149999999993,-0.31334399999999996,0.2041515,0.398126,-0.102204,0.3994725,0.46865399999999996,-0.27099360000000006,-0.156261,0.6710134999999999,-0.265761,0.2753625,0.6700444999999999,-0.268362,-0.06628964999999999,-0.118028,0.01615782,0.1272915,-0.11845549999999999,0.02050302,-0.08966054999999999,-0.4649015,-0.21401640000000002,0.1624245,-0.473423,-0.18059100000000003,-0.09877770000000001,-0.825075,-0.1170042,0.15856050000000002,-0.8245144999999999,-0.08735076000000001
119,0.0363783,0.593769,-0.15213300000000002,-0.134967,0.3929485,-0.1150356,-0.28479150000000003,0.46731449999999997,-0.31832160000000004,0.2037735,0.39189399999999996,-0.105468,0.3995985,0.45971449999999997,-0.2770014,-0.1552005,0.6629195,-0.2727174,0.2746905,0.6607155,-0.27619560000000004,-0.0650454,-0.12386099999999998,0.029937000000000002,0.12724950000000002,-0.12435499999999998,0.03463614,-0.09005955,-0.461377,-0.2171988,0.1654905,-0.46722899999999995,-0.1880574,-0.09915570000000001,-0.8241725,-0.12290999999999999,0.160335,-0.8232794999999999,-0.09632676
120,0.03828720000000001,0.5841645,-0.1587222,-0.131565,0.38529149999999995,-0.11890139999999999,-0.28087500000000004,0.45805199999999996,-0.3234012,0.20309100000000002,0.384731,-0.1090074,0.39931500000000003,0.45050899999999994,-0.2832132,-0.1531215,0.6543885,-0.27977579999999996,0.273714,0.6512155000000001,-0.2851512,-0.06404055,-0.1302735,0.044235359999999994,0.12705,-0.130853,0.04933026,-0.09073995,-0.457501,-0.219402,0.16833599999999999,-0.4606455,-0.19511579999999998,-0.0996303,-0.823745,-0.127806,0.162183,-0.8218734999999999,-0.10538639999999999
121,0.0401457,0.573306,-0.16521960000000002,-0.1282995,0.377207,-0.1225326,-0.27704249999999997,0.44803899999999997,-0.328746,0.201705,0.37732099999999996,-0.11302620000000001,0.3988635,0.4406195,-0.28995540000000003,-0.1498665,0.644233,-0.28911899999999996,0.2722545,0.6407845,-0.2944536,-0.0631827,-0.136952,0.05832156,0.126609,-0.1372465,0.06413454,-0.09154425000000001,-0.45325449999999995,-0.2216766,0.17098200000000002,-0.4535585,-0.2019804,-0.10021830000000001,-0.8231085,-0.133365,0.164031,-0.8202964999999999,-0.11408700000000001
122,0.04184565,0.5622005,-0.1713192,-0.1250235,0.3694455,-0.1263882,-0.273525,0.4381115,-0.3341316,0.1999515,0.3705475,-0.1167798,0.39816,0.430388,-0.29699339999999996,-0.14611800000000003,0.634505,-0.2984316,0.27054300000000003,0.629983,-0.304062,-0.0619815,-0.14324099999999998,0.07279638000000001,0.1261575,-0.143165,0.07928358,-0.09253125,-0.44841899999999996,-0.223584,0.1733655,-0.4478965,-0.2068152,-0.1007349,-0.8225195,-0.138873,0.165606,-0.820363,-0.1210842
123,0.0434994,0.5509525,-0.1777758,-0.12162150000000001,0.3612185,-0.13017240000000002,-0.269913,0.425372,-0.33927240000000003,0.19803,0.363812,-0.1204008,0.397299,0.420394,-0.3035724,-0.1424955,0.6214425,-0.3077646,0.2685795,0.6187159999999999,-0.3131604,-0.0607593,-0.1494825,0.08713656,0.125916,-0.149226,0.09434082,-0.0938448,-0.4431465,-0.2257158,0.17566500000000002,-0.4415695,-0.2115276,-0.10113810000000001,-0.8225195,-0.14407499999999998,0.167181,-0.8199545,-0.1282956
124,0.04504710000000001,0.538004,-0.1836714,-0.1180725,0.351595,-0.1338954,-0.2667,0.4120625,-0.3441684,0.19589850000000003,0.3535805,-0.12419519999999999,0.39627,0.4096875,-0.3102432,-0.13921950000000002,0.6085605,-0.31365,0.26612250000000004,0.6070975,-0.323493,-0.05928615,-0.15697799999999998,0.10200000000000001,0.12594750000000002,-0.1565315,0.10985400000000001,-0.09567285,-0.43778849999999997,-0.2272356,0.1781325,-0.43480549999999996,-0.2162604,-0.1015791,-0.8226334999999999,-0.14900159999999998,0.1688715,-0.819318,-0.13543560000000002
125,0.04664940000000001,0.5251885000000001,-0.1894344,-0.1154265,0.3433395,-0.13643519999999998,-0.26368650000000005,0.398962,-0.34872780000000003,0.193893,0.34405199999999997,-0.1271634,0.395241,0.397746,-0.3167508,-0.135681,0.595593,-0.3195558,0.26344500000000004,0.5942249999999999,-0.33341760000000004,-0.057981,-0.1641695,0.116841,0.12619950000000002,-0.16354249999999998,0.1248684,-0.0977361,-0.431851,-0.229806,0.180516,-0.427386,-0.2211054,-0.1022196,-0.8227855,-0.1540812,0.1705305,-0.818539,-0.1427388
126,0.04807845000000001,0.5107105,-0.1948404,-0.11229750000000001,0.329802,-0.1391076,-0.2598855,0.385814,-0.35252219999999995,0.192591,0.33391550000000003,-0.1300194,0.39393900000000004,0.3853295,-0.3226362,-0.13242600000000002,0.5828629999999999,-0.32517599999999997,0.261261,0.5819035,-0.3399354,-0.056899500000000006,-0.1726625,0.1250418,0.126966,-0.170981,0.13362000000000002,-0.10005660000000001,-0.42744299999999996,-0.2321622,0.1830255,-0.420698,-0.22603199999999998,-0.10282965000000001,-0.8223865,-0.158865,0.1721895,-0.817038,-0.150144
127,0.049562100000000005,0.49783799999999995,-0.20270459999999998,-0.110502,0.3186965,-0.1404438,-0.2567355,0.371583,-0.3561942,0.191247,0.3247575,-0.1322124,0.392469,0.372077,-0.3277668,-0.129234,0.5690689999999999,-0.330735,0.2596335,0.5691259999999999,-0.34640220000000005,-0.055799100000000004,-0.1785525,0.1321104,0.127638,-0.1767095,0.14120880000000002,-0.10037265000000001,-0.426284,-0.23218260000000002,0.18342450000000002,-0.41862699999999997,-0.2260014,-0.10282965000000001,-0.8220445,-0.158865,0.1721895,-0.814948,-0.150144
128,0.050954400000000004,0.4846519999999999,-0.209253,-0.10880100000000001,0.307591,-0.1415964,-0.25385850000000004,0.35554699999999995,-0.359346,0.1899345,0.31530499999999995,-0.1343544,0.39073650000000004,0.35853,-0.332112,-0.126021,0.5531375000000001,-0.3385788,0.2578065,0.555674,-0.3527262,-0.054816300000000005,-0.18443299999999999,0.13928100000000002,0.1282575,-0.18259949999999997,0.1488078,-0.1006635,-0.4249825,-0.232203,0.1838445,-0.4169169999999999,-0.2259708,-0.10282965000000001,-0.821484,-0.158865,0.1721895,-0.8132665,-0.150144
129,0.05248845,0.4688535,-0.21589319999999998,-0.107205,0.29623849999999996,-0.1424736,-0.2518005,0.339758,-0.3618042,0.18912600000000002,0.3037435,-0.135864,0.3894345,0.34446999999999994,-0.33587580000000006,-0.12233550000000001,0.537567,-0.34582080000000004,0.255297,0.540341,-0.3569592,-0.053934300000000004,-0.1895535,0.1468086,0.12920250000000003,-0.1878055,0.1565598,-0.10078425,-0.423757,-0.2322132,0.184401,-0.415473,-0.22593000000000002,-0.10282965000000001,-0.8205815,-0.158865,0.1721895,-0.811775,-0.150144
130,0.053474400000000005,0.454271,-0.22263539999999998,-0.105966,0.2859785,-0.14322839999999998,-0.24977400000000002,0.322734,-0.36393600000000004,0.189168,0.291346,-0.1365984,0.3883635,0.3285005,-0.3385992,-0.119217,0.5215025,-0.3502986,0.2534175,0.5235829999999999,-0.362304,-0.05335890000000001,-0.194484,0.161262,0.129507,-0.19287849999999998,0.1712988,-0.10157490000000001,-0.4197575,-0.2241348,0.1836975,-0.41382949999999996,-0.2169846,-0.10163475000000001,-0.816848,-0.1515822,0.1713075,-0.810255,-0.14199420000000001
131,0.05429655,0.438254,-0.229398,-0.10482570000000001,0.27518649999999995,-0.1437486,-0.2476635,0.30588099999999996,-0.3658434,0.1891995,0.2784165,-0.13702679999999998,0.3875655,0.3121795,-0.3409452,-0.11681250000000001,0.504564,-0.3549396,0.251853,0.5065875,-0.3661494,-0.05327805,-0.1996615,0.1749606,0.1298745,-0.1985785,0.18500760000000002,-0.10242645,-0.41587199999999996,-0.2156484,0.183078,-0.4114735,-0.20810040000000002,-0.10043880000000001,-0.8131335,-0.14418720000000002,0.1704255,-0.8081459999999999,-0.13406880000000002
132,0.0544047,0.42251249999999996,-0.230724,-0.10367805,0.2618485,-0.1445136,-0.24596250000000003,0.290852,-0.36728160000000004,0.189231,0.26332099999999997,-0.13736340000000002,0.38682,0.295298,-0.3428934,-0.11439750000000001,0.48907900000000004,-0.3592644,0.249816,0.489896,-0.369801,-0.052762500000000004,-0.204763,0.1864152,0.1304415,-0.20401249999999999,0.19511579999999998,-0.10395000000000001,-0.413839,-0.21149700000000002,0.183288,-0.4110935,-0.20457119999999998,-0.1001007,-0.811414,-0.14222880000000002,0.17045700000000003,-0.8081174999999999,-0.1322328
133,0.0543018,0.408633,-0.23123400000000002,-0.10264485,0.24967899999999998,-0.1453602,-0.24427200000000002,0.27576599999999996,-0.368577,0.18928350000000002,0.25071449999999995,-0.1374552,0.386274,0.278426,-0.3444948,-0.11273849999999999,0.474126,-0.3624366,0.24823050000000002,0.47284349999999997,-0.37169820000000003,-0.0524328,-0.20881,0.19686,0.1307775,-0.20838249999999997,0.2043162,-0.1058085,-0.41239499999999996,-0.2071518,0.1838025,-0.41135,-0.2005218,-0.09972165000000001,-0.810293,-0.1396584,0.1706775,-0.808754,-0.1304988
134,0.054299700000000006,0.39430699999999996,-0.23123400000000002,-0.10125360000000001,0.23576149999999998,-0.1462986,-0.2426865,0.26043299999999997,-0.3698826,0.1898295,0.2377185,-0.13755720000000002,0.3857805,0.261934,-0.34570860000000003,-0.1105545,0.45875499999999997,-0.365517,0.24668700000000002,0.45611399999999996,-0.3734526,-0.051988650000000004,-0.2127905,0.2065908,0.13112400000000002,-0.21293299999999998,0.21297600000000003,-0.1075515,-0.4116065,-0.20312280000000002,0.18478950000000002,-0.412414,-0.1982268,-0.0996282,-0.80978,-0.1377408,0.1706985,-0.8102265,-0.1301928
135,0.0512715,0.38207099999999994,-0.2365992,-0.1003065,0.2271355,-0.1471758,-0.242592,0.245955,-0.3710658,0.19056450000000003,0.2251975,-0.1376694,0.38584350000000006,0.2456795,-0.3465348,-0.11014499999999999,0.4436405,-0.368679,0.247338,0.4388905,-0.374952,-0.051830100000000004,-0.217417,0.2177904,0.1313445,-0.21908899999999998,0.2234718,-0.108507,-0.408424,-0.1948812,0.18618600000000002,-0.41159699999999994,-0.1908726,-0.098763,-0.8069394999999999,-0.130917,0.17001600000000003,-0.8097705,-0.1245012
136,0.047566050000000006,0.36971149999999997,-0.241689,-0.09940665,0.21648599999999998,-0.1476756,-0.2424975,0.232256,-0.37227960000000004,0.191793,0.211223,-0.1377102,0.3858855,0.23058399999999998,-0.3469632,-0.10892700000000001,0.4292955,-0.3719022,0.24764250000000002,0.4228165,-0.3779712,-0.05173560000000001,-0.2218725,0.229194,0.13152300000000003,-0.2247225,0.2339676,-0.10914750000000001,-0.405308,-0.186609,0.188034,-0.41031449999999997,-0.18310020000000002,-0.0978621,-0.804194,-0.12406260000000001,0.169596,-0.8089154999999999,-0.11894220000000001
137,0.0436884,0.3577225,-0.24690120000000002,-0.098469,0.2056275,-0.148767,-0.24202500000000002,0.220153,-0.3732486,0.192969,0.19744799999999998,-0.137751,0.385896,0.2149945,-0.3471672,-0.1075725,0.4159005,-0.373932,0.24849300000000002,0.4065145,-0.38276519999999997,-0.05170095,-0.2269455,0.240669,0.13154400000000002,-0.230261,0.24456540000000002,-0.10978800000000001,-0.402477,-0.17867339999999998,0.1898085,-0.40766399999999997,-0.1752462,-0.0970347,-0.8016289999999999,-0.1175244,0.16952250000000002,-0.8064645,-0.1142604
138,0.0396795,0.34791849999999996,-0.252042,-0.0974106,0.19624149999999999,-0.1501848,-0.2415525,0.203053,-0.374289,0.19393500000000002,0.1864755,-0.137904,0.385896,0.19691599999999998,-0.34719780000000006,-0.10669050000000001,0.39912349999999996,-0.37651260000000003,0.24885,0.389101,-0.3871308,-0.05192460000000001,-0.23209449999999998,0.2520114,0.13113450000000001,-0.2360085,0.25530600000000003,-0.1102815,-0.39994999999999997,-0.1706358,0.191814,-0.4058305,-0.16734120000000002,-0.09627240000000001,-0.7995485,-0.1108944,0.169491,-0.804688,-0.10915019999999999
139,0.03583125,0.338542,-0.2539494,-0.09614220000000001,0.18631399999999998,-0.1518678,-0.2412165,0.18886,-0.3751356,0.19470150000000003,0.175275,-0.1384752,0.38600100000000004,0.18173499999999998,-0.34718760000000004,-0.106386,0.38440799999999997,-0.3802152,0.24987900000000002,0.37454699999999996,-0.390813,-0.05170305,-0.236892,0.2575194,0.1307775,-0.24192699999999998,0.26125260000000006,-0.11052300000000001,-0.39804999999999996,-0.1654236,0.193956,-0.404035,-0.1610172,-0.0956529,-0.797715,-0.10579440000000001,0.1692915,-0.8030255,-0.103581
140,0.03381945,0.3313695,-0.2559792,-0.0949242,0.1733655,-0.15361200000000003,-0.2405025,0.1744675,-0.3758496,0.19548900000000002,0.164521,-0.139128,0.3865575,0.1668105,-0.3473406,-0.106071,0.3700345,-0.3842544,0.2498475,0.36019249999999997,-0.391221,-0.05188995,-0.24154699999999998,0.2629458,0.1303155,-0.24740849999999998,0.26702580000000004,-0.11061750000000001,-0.39633999999999997,-0.16020120000000002,0.19609800000000002,-0.403978,-0.155091,-0.09507120000000001,-0.7961474999999999,-0.10089942,0.169155,-0.8030255,-0.09753444
141,0.03185805,0.324672,-0.2574684,-0.0938196,0.16329549999999998,-0.15504,-0.23986200000000002,0.1615285,-0.3768288,0.1960245,0.1560565,-0.1399032,0.3869985,0.152608,-0.3472284,-0.10489185000000001,0.357466,-0.3876918,0.25110750000000004,0.34659799999999996,-0.38891580000000003,-0.0523215,-0.24588849999999998,0.2682804,0.1294335,-0.252909,0.27274800000000005,-0.110985,-0.39516199999999996,-0.1551216,0.19861800000000002,-0.4031515,-0.14927700000000002,-0.09441495,-0.7949219999999999,-0.09643998,0.169029,-0.8021895,-0.09141954
142,0.031932600000000005,0.31480149999999996,-0.25839660000000003,-0.092736,0.15347249999999998,-0.1565496,-0.2388855,0.1480765,-0.3779406,0.1966335,0.14655649999999998,-0.1407498,0.3872715,0.1390515,-0.34729980000000005,-0.10333155000000001,0.34484049999999994,-0.39089460000000004,0.2529765,0.3336495,-0.390966,-0.05266275,-0.250838,0.2725032,0.1291605,-0.258077,0.2762466,-0.11259150000000001,-0.3957605,-0.15312240000000002,0.2017575,-0.404985,-0.14687999999999998,-0.09447795,-0.7953589999999999,-0.09536184,0.169617,-0.8039755,-0.09048624
143,0.03205545,0.3054155,-0.2599164,-0.09203040000000001,0.145635,-0.1580082,-0.2380245,0.13547,-0.3792564,0.197022,0.1372655,-0.14154540000000002,0.3876075,0.1267205,-0.3474324,-0.10238865000000001,0.3328325,-0.3941382,0.2557065,0.321366,-0.3951072,-0.0529914,-0.254999,0.2765628,0.128856,-0.26274149999999996,0.2798982,-0.11415600000000001,-0.396188,-0.15150059999999999,0.20500200000000002,-0.406999,-0.1449828,-0.0945672,-0.795644,-0.09397872,0.16971150000000002,-0.8042509999999999,-0.08996094
144,0.0322035,0.29590599999999995,-0.26174220000000004,-0.09135945000000001,0.13750300000000001,-0.159579,-0.23700600000000002,0.12348100000000001,-0.38077619999999995,0.197274,0.127528,-0.1424022,0.3882795,0.11519700000000001,-0.3473406,-0.10136385,0.32107149999999995,-0.39721860000000003,0.2584995,0.310308,-0.3996462,-0.05373900000000001,-0.2568895,0.27942900000000004,0.1278585,-0.2646035,0.28298880000000004,-0.1152165,-0.39652049999999994,-0.1506234,0.2079945,-0.40874699999999997,-0.1426164,-0.09485385,-0.795948,-0.0935544,0.169638,-0.804422,-0.08895624
145,0.03290805,0.2835275,-0.2644554,-0.09063285000000001,0.130815,-0.1614456,-0.23626049999999998,0.112119,-0.38280600000000004,0.197358,0.120213,-0.1434324,0.389067,0.10376849999999999,-0.3472794,-0.10161900000000001,0.310023,-0.401013,0.261261,0.29986749999999995,-0.4042362,-0.054549600000000004,-0.258856,0.2818362,0.126714,-0.26670299999999997,0.28576320000000005,-0.116319,-0.3969005,-0.150042,0.21055650000000004,-0.41020049999999997,-0.141117,-0.09489795000000001,-0.796176,-0.0930087,0.1695855,-0.8041179999999999,-0.08835954
146,0.0336987,0.27211799999999997,-0.266781,-0.08993565,0.12432649999999998,-0.163098,-0.2351685,0.1015645,-0.3849684,0.1974525,0.112442,-0.1445952,0.3900015,0.09370989999999998,-0.34692239999999996,-0.1009365,0.300941,-0.4032162,0.26454750000000005,0.2888,-0.4123452,-0.05533185,-0.2606135,0.2837232,0.125433,-0.2687075,0.2881398,-0.11732700000000001,-0.3972995,-0.14968499999999998,0.21308700000000003,-0.412091,-0.139332,-0.09525494999999999,-0.7966795,-0.09322902,0.1692285,-0.8041179999999999,-0.08394396
147,0.038373300000000006,0.262656,-0.2689638,-0.08940540000000001,0.11727749999999999,-0.16517880000000001,-0.234402,0.095969,-0.38697780000000004,0.197547,0.1049085,-0.145758,0.391125,0.0836627,-0.3460554,-0.10177755000000001,0.29525049999999997,-0.40537860000000003,0.269598,0.2790055,-0.4184346,-0.055771799999999996,-0.26163,0.2842536,0.124047,-0.26997099999999996,0.289221,-0.11763150000000001,-0.3972995,-0.14970540000000002,0.21533400000000003,-0.411958,-0.1380672,-0.09525494999999999,-0.7966795,-0.09322902,0.1684305,-0.8028354999999999,-0.07828704
148,0.04427955,0.2521205,-0.2710548,-0.08911455,0.1106085,-0.1671168,-0.23373,0.0882588,-0.389334,0.1972425,0.0982965,-0.146778,0.392175,0.07395845,-0.3451986,-0.10206735,0.2879355,-0.4066128,0.2746695,0.269363,-0.42439140000000003,-0.0563913,-0.26235200000000003,0.284631,0.12259800000000001,-0.27132,0.290343,-0.117831,-0.3972995,-0.1497156,0.217581,-0.4106185,-0.1372002,-0.09525494999999999,-0.7966795,-0.09322902,0.16842,-0.8020375,-0.07635822
149,0.050204700000000005,0.241471,-0.273207,-0.0888762,0.1067705,-0.168912,-0.2328795,0.08031775,-0.391272,0.1968645,0.09177284999999999,-0.1478082,0.39319350000000003,0.0652194,-0.3444438,-0.10260285000000001,0.2807725,-0.4078572,0.2794785,0.26058499999999996,-0.4299606,-0.05726805,-0.2627985,0.2849268,0.1209495,-0.272479,0.291312,-0.11785200000000001,-0.3972995,-0.14972580000000002,0.21958650000000002,-0.40925049999999996,-0.13656780000000002,-0.09517935000000001,-0.7966795,-0.09302909999999999,0.1683045,-0.8016955,-0.07489656
150,0.05609940000000001,0.2308405,-0.27543059999999997,-0.08870085,0.1025715,-0.1710846,-0.23232300000000003,0.07237004999999999,-0.393822,0.196329,0.08533375,-0.14888939999999998,0.39355049999999997,0.05712825,-0.34385220000000005,-0.10207260000000001,0.2732485,-0.40993799999999997,0.28366800000000003,0.2521775,-0.432939,-0.05813535,-0.26536350000000003,0.2851206,0.1195215,-0.27525299999999997,0.29204640000000004,-0.11907000000000001,-0.397765,-0.15029700000000001,0.2213505,-0.40927899999999995,-0.13643519999999998,-0.09529485000000001,-0.797126,-0.0936819,0.16881900000000002,-0.8014485,-0.07369397999999999
151,0.06121605,0.2231075,-0.2782356,-0.08853704999999999,0.09818249999999999,-0.1731042,-0.23216550000000002,0.065379,-0.39576,0.195825,0.08084594999999999,-0.1500318,0.3943275,0.0496147,-0.3435972,-0.10190250000000001,0.2657625,-0.412029,0.28764750000000006,0.2443685,-0.435438,-0.0588336,-0.268242,0.28506960000000003,0.118356,-0.27818849999999995,0.2923218,-0.120351,-0.3983825,-0.1510722,0.22269450000000002,-0.40927899999999995,-0.13633320000000002,-0.09539775,-0.797601,-0.09428778,0.169218,-0.8013440000000001,-0.07203852
152,0.0646926,0.21600149999999999,-0.28021440000000003,-0.08842365,0.09387235,-0.17526660000000002,-0.232029,0.058416449999999995,-0.39750420000000003,0.195447,0.0761197,-0.1513272,0.3952515,0.0422712,-0.3434952,-0.10224690000000002,0.258647,-0.4132428,0.29124900000000004,0.23750949999999998,-0.4376922,-0.05944155,-0.271092,0.285039,0.11733750000000001,-0.2810195,0.2922708,-0.121569,-0.398981,-0.1517046,0.22360800000000003,-0.40927899999999995,-0.1362618,-0.09553635,-0.7980949999999999,-0.09426942,0.16970100000000002,-0.8013440000000001,-0.07162848
153,0.06851355,0.20786949999999998,-0.2825094,-0.0883155,0.08899504999999999,-0.1775616,-0.23176650000000001,0.0510017,-0.39928919999999996,0.195006,0.07183235,-0.1528368,0.3963645,0.0349619,-0.3433626,-0.10185000000000001,0.251693,-0.41472180000000003,0.293706,0.2306695,-0.4399872,-0.05995395,-0.274227,0.28506960000000003,0.116403,-0.2840215,0.29221980000000003,-0.122724,-0.39976,-0.1524288,0.22413300000000003,-0.40926,-0.136272,-0.09550695000000001,-0.7987219999999999,-0.0943347,0.17004750000000002,-0.800774,-0.07073802
154,0.07009695,0.20238799999999998,-0.284223,-0.08819475,0.0846621,-0.1796322,-0.23163,0.04352995,-0.40092120000000003,0.194649,0.0679383,-0.1543056,0.3975825,0.02718615,-0.3433728,-0.10135860000000001,0.2447295,-0.4164354,0.2962785,0.2233545,-0.4424148,-0.06038235000000001,-0.2774285,0.2851206,0.11561550000000001,-0.28706149999999997,0.2921994,-0.1238475,-0.40069099999999996,-0.1533672,0.22441650000000002,-0.410913,-0.136323,-0.09558570000000001,-0.799577,-0.09445200000000001,0.16917600000000002,-0.7999855,-0.06687425999999999
155,0.0715596,0.19681149999999997,-0.2860284,-0.08820105000000002,0.0803092,-0.18157020000000001,-0.2316195,0.0361608,-0.40250220000000003,0.19429200000000002,0.063612,-0.1559478,0.398559,0.019466449999999996,-0.3431382,-0.1009659,0.23787049999999998,-0.4183734,0.29778000000000004,0.21776849999999998,-0.44230260000000005,-0.0610071,-0.280649,0.2849166,0.114492,-0.290244,0.2921076,-0.12492900000000001,-0.40178349999999996,-0.15440759999999998,0.2247945,-0.41143549999999995,-0.13722060000000003,-0.09575685,-0.8005175,-0.09465090000000001,0.1683465,-0.7989689999999999,-0.06286974
156,0.0729288,0.19103549999999997,-0.28804799999999997,-0.08834700000000001,0.0760057,-0.1833042,-0.2317245,0.02861685,-0.4043382,0.193725,0.0582863,-0.157896,0.398559,0.015353899999999998,-0.3431382,-0.1013754,0.23042249999999997,-0.4226472,0.29778000000000004,0.21390199999999998,-0.44230260000000005,-0.06190905,-0.2833945,0.28470239999999997,0.11311650000000001,-0.29347399999999996,0.2919852,-0.1260105,-0.402914,-0.1553256,0.2252985,-0.4115115,-0.1382304,-0.09605190000000001,-0.8015435,-0.09534654000000001,0.16824150000000002,-0.7989689999999999,-0.06229548000000001
157,0.07382655,0.185858,-0.29028180000000003,-0.08840579999999999,0.07137635,-0.1850994,-0.23214450000000003,0.023280699999999998,-0.405909,0.1926435,0.05227944999999999,-0.15987479999999998,0.3988215,0.0108319,-0.34311780000000003,-0.1016967,0.22512149999999997,-0.42665580000000003,0.29778000000000004,0.209855,-0.44230260000000005,-0.0629958,-0.2862445,0.2842944,0.111594,-0.2968085,0.2916894,-0.127176,-0.40407299999999996,-0.1562538,0.225687,-0.4123475,-0.1395666,-0.09630495,-0.802674,-0.09611052,0.16716,-0.7985225,-0.05857452
158,0.07469490000000001,0.180633,-0.29256659999999995,-0.0884373,0.06619884999999999,-0.1878228,-0.232575,0.018688399999999997,-0.40800000000000003,0.19163550000000001,0.04656425,-0.1618128,0.3988215,0.005870049999999999,-0.34311780000000003,-0.10231095,0.22002,-0.4301442,0.297591,0.20522849999999998,-0.43993620000000005,-0.0640962,-0.28911349999999997,0.2838558,0.1101555,-0.30008599999999996,0.29126100000000005,-0.1284255,-0.405156,-0.15725340000000002,0.22602300000000003,-0.4131645,-0.14095380000000002,-0.096453,-0.8036334999999999,-0.09688572000000001,0.16692900000000002,-0.798874,-0.05901618
159,0.0754572,0.17498049999999998,-0.2948718,-0.0884751,0.061323449999999995,-0.19024020000000003,-0.233058,0.014791499999999999,-0.410244,0.190617,0.040702749999999996,-0.16374060000000001,0.39873749999999997,0.00081985,-0.34365840000000003,-0.10262595000000001,0.21553599999999998,-0.4326738,0.29604749999999996,0.20057350000000002,-0.43767180000000006,-0.06521655,-0.29162150000000003,0.2835906,0.108696,-0.3034015,0.29078160000000003,-0.1296225,-0.40622949999999997,-0.1579776,0.22630650000000002,-0.41238549999999996,-0.1421778,-0.0966819,-0.8046025,-0.09776394000000001,0.1677795,-0.799064,-0.06264738
160,0.07606305000000001,0.168853,-0.2972994,-0.0884667,0.05662855,-0.1925964,-0.2333625,0.011012399999999999,-0.4125186,0.1896615,0.03495905,-0.16571940000000002,0.39860100000000004,-0.004766149999999999,-0.3450762,-0.1021944,0.2116505,-0.4351626,0.294315,0.19547199999999998,-0.4352952,-0.06642195,-0.293778,0.28338660000000004,0.10716300000000001,-0.30646999999999996,0.2901288,-0.130725,-0.407151,-0.1585488,0.2263905,-0.412699,-0.1431468,-0.09695909999999999,-0.8055524999999999,-0.09864318000000001,0.1675905,-0.799387,-0.06329916000000001
161,0.07660905,0.16271599999999997,-0.2996658,-0.08842785,0.0520106,-0.19522799999999998,-0.23392949999999998,0.00706515,-0.4147116,0.1885275,0.02947565,-0.16753500000000002,0.398454,-0.0099294,-0.34650420000000004,-0.10248735,0.20759399999999997,-0.43766160000000004,0.29248799999999997,0.19057,-0.4331634,-0.06762735,-0.295944,0.28311119999999995,0.10571400000000002,-0.30950999999999995,0.289323,-0.13188,-0.40843349999999995,-0.15912,0.2264535,-0.413193,-0.1440036,-0.09723945,-0.8068065,-0.09954690000000001,0.16768500000000003,-0.8003465,-0.06449154
162,0.07678650000000001,0.158042,-0.30134879999999997,-0.08836485,0.0479807,-0.1978086,-0.234486,0.0038304,-0.4169658,0.18729900000000002,0.024087249999999998,-0.1691874,0.398307,-0.0147155,-0.3479322,-0.10214505000000002,0.204098,-0.4400076,0.29019900000000004,0.1858295,-0.4310724,-0.06884535,-0.297882,0.2826828,0.10429545000000001,-0.31223650000000003,0.28872119999999996,-0.132951,-0.4096685,-0.1597218,0.2264535,-0.41496949999999994,-0.144993,-0.0975471,-0.8080415,-0.10032516,0.167433,-0.8010685,-0.0652953
163,0.07693665000000001,0.1539285,-0.302991,-0.0882441,0.043947,-0.2004504,-0.235074,0.00114665,-0.41875080000000003,0.185997,0.0187796,-0.1708602,0.39816,-0.018817599999999997,-0.34918679999999996,-0.1023855,0.20095349999999998,-0.4424148,0.28781550000000006,0.18154499999999998,-0.4294914,-0.070035,-0.29982949999999997,0.28215239999999997,0.1030008,-0.3149345,0.2880786,-0.134064,-0.41071349999999995,-0.16046639999999998,0.22624350000000001,-0.4171735,-0.1460334,-0.0977592,-0.8090579999999999,-0.10123602000000001,0.166194,-0.800907,-0.06222204
164,0.07706895000000001,0.149948,-0.30458219999999997,-0.0880929,0.04010614999999999,-0.2030514,-0.23598750000000002,-0.0014819999999999998,-0.42024,0.184716,0.014539749999999999,-0.172278,0.398034,-0.0228304,-0.3508086,-0.10270365000000001,0.19801799999999997,-0.444618,0.28577850000000005,0.177593,-0.42849180000000003,-0.07101465,-0.301587,0.28154039999999997,0.10209885,-0.3172715,0.28711980000000004,-0.13516650000000002,-0.41175849999999997,-0.1612722,0.2259915,-0.419577,-0.14701260000000002,-0.09807105,-0.810084,-0.10225500000000001,0.1648395,-0.8008879999999999,-0.059031480000000004
165,0.07681695000000001,0.1462905,-0.3059898,-0.08801205000000001,0.03732359999999999,-0.20490780000000003,-0.23682750000000002,-0.0030874999999999995,-0.421005,0.184506,0.01260745,-0.1732674,0.398139,-0.02660665,-0.3524916,-0.1031205,0.196175,-0.4452096,0.2845395,0.17426799999999998,-0.4284714,-0.07169925,-0.3034775,0.280806,0.1015665,-0.3192475,0.2861916,-0.13618500000000003,-0.4126895,-0.1623024,0.225624,-0.42241749999999995,-0.1479204,-0.09843645000000001,-0.8110244999999999,-0.10348919999999999,0.1635375,-0.8010495,-0.05589192
166,0.07667415000000001,0.1435165,-0.307173,-0.0879564,0.035454,-0.20643779999999998,-0.23770950000000002,-0.0045904000000000006,-0.421464,0.184233,0.012144799999999999,-0.1740834,0.3979185,-0.0294367,-0.3542256,-0.1033137,0.19438899999999998,-0.44575020000000004,0.28333200000000003,0.17131349999999998,-0.4278594,-0.07198695,-0.30503549999999996,0.2800716,0.1014531,-0.320663,0.2851614,-0.1369515,-0.41325,-0.1633632,0.2253405,-0.4246215,-0.1488996,-0.098469,-0.8115279999999999,-0.1045806,0.1628235,-0.800907,-0.053072640000000004
167,0.07651875,0.1411035,-0.308193,-0.08799420000000001,0.035099649999999996,-0.2067336,-0.238476,-0.0055841,-0.4215558,0.18418050000000002,0.011674549999999999,-0.1748484,0.3978975,-0.03157325,-0.35597999999999996,-0.10341135000000001,0.1932585,-0.44614800000000004,0.28245000000000003,0.16920449999999998,-0.427686,-0.0721077,-0.30634649999999997,0.2793066,0.10147305000000001,-0.321955,0.2841312,-0.137529,-0.41375349999999994,-0.1643322,0.225141,-0.4246215,-0.1497462,-0.0984459,-0.8118415,-0.1048662,0.1628235,-0.801534,-0.053072640000000004
168,0.0763371,0.1394505,-0.3089172,-0.0880593,0.035099649999999996,-0.2067438,-0.238938,-0.00632985,-0.42158640000000003,0.1842435,0.011674549999999999,-0.1755726,0.39795,-0.03318445,-0.357663,-0.1039689,0.19253649999999997,-0.4466376,0.28161,0.1675895,-0.42733920000000003,-0.072135,-0.30745799999999995,0.2785314,0.10154865,-0.3230285,0.2831418,-0.138012,-0.414143,-0.16524,0.22500450000000002,-0.425562,-0.1505418,-0.0984459,-0.8118415,-0.1048662,0.1622355,-0.801534,-0.05024724
169,0.07615545,0.1393365,-0.308958,-0.08812650000000001,0.035099649999999996,-0.2067438,-0.2394945,-0.006907449999999999,-0.42162720000000004,0.1844115,0.011674549999999999,-0.1759704,0.39802350000000003,-0.033683199999999996,-0.3584994,-0.10467135,0.191938,-0.4471068,0.280833,0.1669055,-0.4269414,-0.07210455,-0.30852199999999996,0.277848,0.10160955,-0.3239405,0.2822952,-0.1384635,-0.4144375,-0.16607639999999999,0.22486799999999998,-0.42509649999999993,-0.151572,-0.0984459,-0.8118415,-0.1048662,0.162645,-0.801534,-0.05021664
170,0.07597485000000001,0.1393365,-0.3089682,-0.0882924,0.035099649999999996,-0.206754,-0.240114,-0.006937849999999999,-0.4213518,0.18465299999999998,0.011674549999999999,-0.1762458,0.397803,-0.033683199999999996,-0.35851980000000006,-0.10534650000000001,0.1918145,-0.4475658,0.2801505,0.1668295,-0.4267476,-0.0721203,-0.30932,0.2773482,0.10163685,-0.324615,0.2816118,-0.1387575,-0.41444699999999995,-0.1667802,0.2247,-0.42466899999999996,-0.1524594,-0.09841754999999999,-0.8118035,-0.1048662,0.1630125,-0.801534,-0.05029416
171,0.07579845,0.1393365,-0.30897840000000004,-0.08860005,0.0356345,-0.2063052,-0.24077550000000003,-0.00695875,-0.42045420000000006,0.1848315,0.01174865,-0.1763682,0.3977715,-0.033683199999999996,-0.35851980000000006,-0.10598700000000001,0.1916815,-0.447831,0.279909,0.1668295,-0.4265232,-0.07218645000000001,-0.309757,0.277134,0.1016211,-0.325147,0.2810916,-0.138936,-0.41444699999999995,-0.1671474,0.2247525,-0.42466899999999996,-0.1531326,-0.0981393,-0.8118035,-0.1039278,0.1630125,-0.8016859999999999,-0.05029416
172,0.07561050000000001,0.1393365,-0.3089988,-0.08888775,0.03619405,-0.2057544,-0.241479,-0.00703,-0.41926080000000004,0.185094,0.0120821,-0.1763478,0.3975405,-0.033683199999999996,-0.3585402,-0.1066695,0.1915865,-0.447882,0.279846,0.1668295,-0.4265028,-0.07224525000000001,-0.30998499999999996,0.2770422,0.10177965000000001,-0.325337,0.280908,-0.13907250000000002,-0.41444699999999995,-0.1673616,0.22465800000000002,-0.4238995,-0.153561,-0.09763845,-0.811661,-0.10269360000000001,0.1633485,-0.801667,-0.05030742
173,0.0754026,0.13957399999999998,-0.3088968,-0.0892227,0.0371507,-0.2047446,-0.24193050000000002,-0.0066329,-0.4178838,0.1855875,0.012987450000000001,-0.17630700000000002,0.39726750000000005,-0.033608149999999996,-0.35835659999999997,-0.10716300000000001,0.1917385,-0.44791260000000005,0.279762,0.1668295,-0.4263804,-0.07225995,-0.31008,0.2770422,0.10196865000000001,-0.325337,0.2809182,-0.1391355,-0.414352,-0.16737180000000002,0.22454250000000003,-0.42262649999999996,-0.1535712,-0.09706095,-0.811129,-0.10121256,0.16374750000000002,-0.801059,-0.05036964
174,0.0751674,0.139973,-0.3085398,-0.08953245,0.0385472,-0.2032248,-0.242445,-0.00651985,-0.41580300000000003,0.18601800000000002,0.01420725,-0.1762764,0.39706800000000003,-0.0334381,-0.35800980000000004,-0.107835,0.1917385,-0.4479636,0.27970950000000006,0.166953,-0.42594180000000004,-0.0722631,-0.31008,0.2770422,0.1021104,-0.325337,0.2809284,-0.1391775,-0.41407649999999996,-0.16737180000000002,0.2244585,-0.42299699999999996,-0.1535712,-0.09646980000000001,-0.810502,-0.09981924,0.16361099999999998,-0.8003085,-0.05006568
175,0.07486605,0.1412175,-0.30763199999999996,-0.08990100000000001,0.04029235,-0.201144,-0.243012,-0.00644385,-0.41336520000000004,0.18672149999999998,0.016029349999999998,-0.1757358,0.39691050000000005,-0.0327807,-0.35724480000000003,-0.10858050000000001,0.1917385,-0.4480248,0.2796885,0.1675895,-0.4255236,-0.0722631,-0.31008,0.2770422,0.10221225,-0.325337,0.28093860000000004,-0.13923,-0.413763,-0.16737180000000002,0.224364,-0.4221705,-0.1535814,-0.09585765,-0.8098939999999999,-0.09888798,0.16393649999999999,-0.799615,-0.04971888000000001
176,0.07449015,0.14304150000000002,-0.3061938,-0.09025275,0.0421439,-0.19885919999999999,-0.24353700000000003,-0.005939399999999999,-0.4110396,0.1873935,0.01794075,-0.1748586,0.3965325,-0.03136235,-0.3554904,-0.1092735,0.19227999999999998,-0.44768820000000004,0.2796465,0.1688245,-0.4250136,-0.07230405000000001,-0.31008,0.2772462,0.10224585000000001,-0.325242,0.2813058,-0.13924050000000002,-0.4132975,-0.1673208,0.2243115,-0.4204795,-0.1535406,-0.09518775,-0.8090865,-0.09812298000000001,0.164367,-0.7993965000000001,-0.049685219999999995
177,0.073983,0.14536899999999997,-0.30439859999999996,-0.09066645,0.043838699999999994,-0.1966152,-0.24402000000000001,-0.0056886,-0.4088874,0.187887,0.01882045,-0.173706,0.39628050000000004,-0.02952695,-0.35342999999999997,-0.109935,0.192717,-0.446658,0.27960450000000003,0.170411,-0.424422,-0.0722904,-0.30977599999999994,0.27778680000000006,0.1023204,-0.32501399999999997,0.2818464,-0.139188,-0.4128035,-0.1668618,0.2242275,-0.418323,-0.15335700000000002,-0.0947037,-0.807956,-0.09550158,0.1657005,-0.798817,-0.053212380000000004
178,0.07341705,0.147649,-0.302175,-0.09112005,0.0454537,-0.1938204,-0.24453450000000002,-0.0045505,-0.4068474,0.1882755,0.02027205,-0.1721658,0.39610200000000007,-0.0278616,-0.3511452,-0.110397,0.1939045,-0.44535240000000004,0.2796255,0.172197,-0.42377940000000003,-0.07221585000000001,-0.309529,0.2784804,0.10234035,-0.324729,0.2827542,-0.1391775,-0.41249949999999996,-0.16623960000000002,0.2241225,-0.41650849999999995,-0.1529184,-0.09452100000000001,-0.8071294999999999,-0.09287406,0.1657005,-0.7982564999999999,-0.05316342
179,0.07283115,0.1502615,-0.29963520000000005,-0.0914403,0.046982249999999996,-0.1911888,-0.244944,-0.0037353999999999994,-0.40459320000000004,0.188748,0.022006750000000002,-0.1703298,0.3958395,-0.025859949999999996,-0.34837080000000004,-0.110796,0.194845,-0.4437306,0.2797305,0.17408749999999998,-0.4233204,-0.07211714999999999,-0.30924399999999996,0.2792862,0.1023246,-0.32430149999999996,0.28380479999999997,-0.1391775,-0.41211,-0.1655052,0.224049,-0.41534,-0.15247980000000003,-0.09444645,-0.806398,-0.09099828,0.16569,-0.7977434999999999,-0.0530349
180,0.0722694,0.15312099999999998,-0.2968302,-0.09172799999999999,0.04840155,-0.1886898,-0.245448,-0.00246145,-0.402543,0.1889685,0.0239191,-0.168249,0.395472,-0.0237519,-0.345525,-0.1113735,0.19618449999999998,-0.4414662,0.279909,0.17605400000000002,-0.4224738,-0.07203525000000001,-0.308807,0.2802858,0.10229835000000001,-0.323684,0.2850084,-0.1391775,-0.411692,-0.1645566,0.224007,-0.4138485,-0.15193920000000002,-0.09429000000000001,-0.805923,-0.09014454,0.16660350000000002,-0.7977434999999999,-0.05677728
181,0.07173075000000001,0.1560565,-0.2938314,-0.09203775,0.049847449999999995,-0.1860786,-0.24591,-0.0007524,-0.4002888,0.18947250000000002,0.0264271,-0.16595400000000002,0.39522,-0.021331299999999997,-0.3423222,-0.1119195,0.19783749999999997,-0.43908959999999997,0.28014,0.1780965,-0.4216476,-0.0721287,-0.3082465,0.28150980000000003,0.10234035,-0.3227625,0.2865384,-0.1391355,-0.411217,-0.1633224,0.2232405,-0.41229049999999995,-0.1508784,-0.09414405,-0.8054574999999999,-0.08911638000000001,0.167412,-0.798038,-0.06057678
182,0.0711795,0.15979,-0.2904348,-0.09235905,0.05135605,-0.1831206,-0.2461725,0.0011039,-0.3978408,0.1899975,0.029335049999999998,-0.163302,0.3948945,-0.01896295,-0.33962939999999997,-0.11240250000000002,0.1995855,-0.43669260000000004,0.280896,0.18043349999999997,-0.4207908,-0.07211400000000001,-0.3082465,0.2828154,0.10256190000000001,-0.322544,0.28820100000000004,-0.13895700000000002,-0.411217,-0.162027,0.22234800000000002,-0.4133165,-0.1496034,-0.09414405,-0.8054574999999999,-0.08911638000000001,0.1663935,-0.798038,-0.0574821
183,0.0706209,0.164008,-0.286875,-0.0926961,0.053053699999999995,-0.17984640000000002,-0.2465295,0.0032205,-0.3953418,0.190281,0.03212045,-0.1605786,0.39465300000000003,-0.016566099999999997,-0.3365694,-0.11299050000000001,0.20156149999999998,-0.4339386,0.281652,0.182799,-0.4198116,-0.07208355000000001,-0.30819899999999995,0.2841108,0.10281495000000002,-0.321974,0.2898126,-0.138642,-0.411217,-0.1608336,0.22136100000000003,-0.41368699999999997,-0.1482366,-0.0942543,-0.805923,-0.0905862,0.166215,-0.7987124999999999,-0.05808288
184,0.06994155,0.1681025,-0.28312139999999997,-0.093156,0.055010699999999996,-0.1765008,-0.24694950000000002,0.0060021,-0.3928632,0.19077449999999999,0.0348498,-0.1578348,0.39438,-0.01405145,-0.3332748,-0.1137885,0.204782,-0.429471,0.2830065,0.1852025,-0.4194138,-0.07203525000000001,-0.30765750000000003,0.28567139999999996,0.10318455,-0.3209005,0.2915772,-0.138264,-0.41117899999999996,-0.15932400000000002,0.220311,-0.4137345,-0.1468596,-0.0944097,-0.806398,-0.09200196000000001,0.166047,-0.7995104999999999,-0.058691820000000006
185,0.0692811,0.1721495,-0.2794494,-0.09353085000000001,0.05715675,-0.1729716,-0.247191,0.0089851,-0.3898746,0.191184,0.037583899999999996,-0.1546932,0.3944325,-0.01144275,-0.3298272,-0.11415600000000001,0.20814499999999997,-0.42483,0.28326900000000005,0.1876155,-0.4184244,-0.07205835,-0.306964,0.2871708,0.10365915,-0.3197035,0.293148,-0.13784400000000002,-0.4110175,-0.1578552,0.2187885,-0.4125565,-0.145503,-0.0948045,-0.8067589999999999,-0.09187242,0.16634100000000002,-0.8011064999999999,-0.06213636
186,0.06876765,0.1762345,-0.2758284,-0.09401175,0.05944909999999999,-0.1695036,-0.247422,0.012069749999999999,-0.38693700000000003,0.19132050000000003,0.040824349999999995,-0.1515618,0.39434850000000005,-0.008704849999999998,-0.32622660000000003,-0.114597,0.21222999999999997,-0.41939339999999997,0.28319550000000004,0.19005699999999998,-0.41745540000000003,-0.07197645,-0.30596650000000003,0.2886396,0.10429440000000001,-0.3180885,0.29462700000000003,-0.1373295,-0.410837,-0.1562742,0.21722400000000003,-0.41268,-0.14421779999999998,-0.095445,-0.80693,-0.09079326,0.1658475,-0.801705,-0.06171306
187,0.06845580000000001,0.180785,-0.2719626,-0.09445695,0.061528650000000004,-0.16635180000000002,-0.24759000000000003,0.01506795,-0.38382600000000006,0.191478,0.0438995,-0.1482978,0.394569,-0.0046037,-0.3227586,-0.1148805,0.2159255,-0.41404860000000004,0.2834475,0.193401,-0.41638440000000004,-0.07181895,-0.30495,0.2904246,0.10490340000000001,-0.316388,0.29642219999999997,-0.1367835,-0.4107325,-0.154224,0.2156595,-0.411711,-0.1423818,-0.095886,-0.807519,-0.09082692,0.1662045,-0.802598,-0.06509028
188,0.06810825000000001,0.1859815,-0.26777039999999996,-0.09495045,0.0650066,-0.1629858,-0.247695,0.021902249999999998,-0.3806946,0.19154100000000002,0.04732235,-0.1448502,0.394905,0.00015295,-0.319515,-0.11443950000000001,0.2223095,-0.4089588,0.2832375,0.198379,-0.4114476,-0.0715974,-0.3032875,0.2923116,0.1055775,-0.31445,0.2980848,-0.13620600000000002,-0.4104,-0.1518984,0.21407400000000001,-0.41044749999999997,-0.1404642,-0.0960771,-0.807975,-0.09159498,0.16658250000000002,-0.8033769999999999,-0.06892343999999999
189,0.06777015,0.19178599999999998,-0.2635986,-0.09542295,0.06873249999999999,-0.159936,-0.24798900000000001,0.02854845,-0.37772639999999996,0.19173,0.051686649999999994,-0.141168,0.39523050000000004,0.0060666999999999995,-0.3162,-0.11411400000000001,0.22871249999999999,-0.4038894,0.2828175,0.204174,-0.40619459999999996,-0.0713349,-0.3012165,0.29403540000000006,0.10630200000000001,-0.3120275,0.2995944,-0.135555,-0.4099345,-0.149634,0.21249900000000002,-0.40880399999999995,-0.1384446,-0.09626925,-0.8080415,-0.09114516,0.16695000000000002,-0.8039945,-0.07275456000000001
190,0.06743310000000001,0.1976665,-0.2594166,-0.09587445,0.07265505,-0.15651900000000002,-0.24839850000000002,0.0354122,-0.3747276,0.1919295,0.05632455,-0.1373124,0.39568200000000003,0.01364105,-0.3130176,-0.11445000000000001,0.2355525,-0.3987384,0.2825865,0.2124865,-0.39948300000000003,-0.071085,-0.29853749999999996,0.2958612,0.1069845,-0.30894,0.3010428,-0.134652,-0.40939299999999995,-0.14706360000000002,0.2113545,-0.40795849999999995,-0.136782,-0.09653175000000001,-0.8078704999999999,-0.08996298,0.1668975,-0.8043744999999999,-0.07565748
191,0.06722204999999999,0.20349,-0.2548674,-0.09615375000000001,0.07746395,-0.1530612,-0.2487345,0.04290865,-0.3713922,0.19236,0.06252044999999999,-0.1335894,0.39622799999999997,0.0215327,-0.3103248,-0.1145235,0.243086,-0.393261,0.282009,0.2204475,-0.3929958,-0.0707511,-0.2954405,0.2975646,0.107835,-0.30477899999999997,0.302481,-0.1335705,-0.40875649999999997,-0.1444524,0.21026250000000002,-0.407683,-0.134793,-0.09691185000000001,-0.807576,-0.0892092,0.165921,-0.804061,-0.07484249999999999
192,0.0665343,0.2098455,-0.2499612,-0.0963711,0.08545535,-0.1500624,-0.248703,0.051325649999999994,-0.3677916,0.192822,0.06899469999999999,-0.1299888,0.3967635,0.030872149999999998,-0.3073362,-0.114051,0.25140799999999996,-0.3877734,0.2817255,0.22956749999999998,-0.38625360000000003,-0.07035419999999999,-0.291251,0.2993292,0.1086855,-0.3006275,0.30386820000000003,-0.13257300000000002,-0.4082055,-0.1413822,0.20942249999999998,-0.407683,-0.1329162,-0.09713970000000001,-0.8075095,-0.08954172,0.165543,-0.804061,-0.07412238
193,0.06570795,0.216961,-0.24442260000000002,-0.09657585,0.0932463,-0.14701260000000002,-0.2486505,0.0601179,-0.36424199999999995,0.19324200000000002,0.07712764999999999,-0.1258068,0.39730950000000004,0.0406619,-0.304521,-0.11385150000000001,0.25973949999999996,-0.3838464,0.282849,0.239362,-0.38065380000000004,-0.0698313,-0.2868715,0.3009306,0.109725,-0.2956305,0.3054186,-0.1327935,-0.40766399999999997,-0.13859760000000002,0.20911800000000003,-0.4062865,-0.1304478,-0.09757020000000001,-0.807291,-0.09050562000000001,0.16596300000000003,-0.804061,-0.07535862
194,0.0648963,0.225663,-0.238629,-0.0968772,0.101156,-0.1432794,-0.24857700000000002,0.0700264,-0.36040679999999997,0.19356750000000003,0.0868015,-0.121635,0.3977715,0.0516135,-0.3013284,-0.113295,0.269192,-0.3800112,0.28193550000000006,0.24993549999999998,-0.3775428,-0.06919710000000001,-0.2822735,0.3026136,0.110838,-0.290092,0.3072648,-0.133014,-0.4070275,-0.13583340000000002,0.20889749999999999,-0.4045005,-0.1277448,-0.09810045,-0.8069775,-0.09103602,0.1664565,-0.804061,-0.07686006000000001
195,0.0645729,0.23984650000000002,-0.23307,-0.09700845,0.11171049999999999,-0.13942380000000001,-0.24837750000000003,0.0849927,-0.35677559999999997,0.19394550000000002,0.097109,-0.117096,0.398223,0.0636367,-0.2977278,-0.1124655,0.282682,-0.376584,0.28278600000000004,0.2619815,-0.3737994,-0.06841275000000001,-0.27731449999999996,0.304215,0.11195100000000001,-0.2847055,0.3091314,-0.1332975,-0.40645749999999997,-0.13323240000000003,0.20868750000000003,-0.4034365,-0.125103,-0.0986832,-0.806854,-0.09124002,0.166299,-0.803225,-0.07490064
196,0.06430095000000001,0.253631,-0.2278272,-0.097062,0.12332899999999998,-0.13541519999999999,-0.24864000000000003,0.1001015,-0.3531444,0.19413450000000002,0.108167,-0.11271,0.3984435,0.07553354999999999,-0.29334180000000004,-0.112224,0.297217,-0.3724428,0.28246050000000006,0.274797,-0.36756720000000004,-0.0683298,-0.271605,0.304215,0.1130325,-0.279015,0.30921299999999996,-0.13381200000000001,-0.40473799999999993,-0.1332732,0.20868750000000003,-0.4045575,-0.125103,-0.0994119,-0.8056,-0.09238038,0.166299,-0.804612,-0.07490064
197,0.06338745,0.267349,-0.2221968,-0.09709034999999999,0.1346435,-0.13116180000000002,-0.24924900000000003,0.112689,-0.349095,0.1944285,0.1199945,-0.10828320000000001,0.398643,0.0913615,-0.2890272,-0.1128435,0.310992,-0.3648234,0.2808645,0.28872400000000004,-0.364395,-0.06805575,-0.2658765,0.3042354,0.11387250000000002,-0.2727355,0.3092742,-0.1343475,-0.401698,-0.13331400000000002,0.20964300000000002,-0.404358,-0.1250316,-0.09999045,-0.802769,-0.09242424,0.1672545,-0.8045074999999999,-0.0769233
198,0.06277110000000001,0.281504,-0.2161074,-0.09715125,0.146281,-0.1265412,-0.2496795,0.126711,-0.3444948,0.19455450000000002,0.1322305,-0.103836,0.3988005,0.1065805,-0.284631,-0.1135155,0.324862,-0.3565614,0.28059150000000005,0.3031735,-0.3610188,-0.06796125000000001,-0.26044249999999997,0.3042456,0.11454450000000001,-0.2668265,0.30932519999999997,-0.135156,-0.3986675,-0.1333752,0.210819,-0.404358,-0.1249398,-0.10050390000000001,-0.799976,-0.09246299999999999,0.16821000000000003,-0.8045074999999999,-0.07919994
199,0.062287050000000004,0.298813,-0.20895719999999998,-0.0971229,0.1586975,-0.12197160000000001,-0.249963,0.1416165,-0.3395172,0.19467,0.145255,-0.09941327999999999,0.39879000000000003,0.12163799999999998,-0.2800104,-0.11319000000000001,0.3396535,-0.3483402,0.2801715,0.31815499999999997,-0.3557148,-0.06733335,-0.25515099999999996,0.3006756,0.1151745,-0.2611265,0.3044598,-0.137697,-0.39562749999999997,-0.1349154,0.21387450000000002,-0.40275249999999996,-0.1261536,-0.10265535,-0.797316,-0.09488856,0.170289,-0.802712,-0.08165201999999999
200,0.061901700000000004,0.3169675,-0.2006952,-0.0972279,0.1704965,-0.11781000000000001,-0.250509,0.15800399999999998,-0.3348354,0.19429200000000002,0.1583365,-0.09471414,0.3986325,0.137579,-0.27532860000000003,-0.11436600000000001,0.3564115,-0.3404352,0.279321,0.3340675,-0.3492174,-0.06685350000000001,-0.250325,0.2964528,0.115584,-0.256272,0.29941080000000003,-0.1405635,-0.3927015,-0.1371186,0.2166675,-0.401185,-0.1264596,-0.10514700000000002,-0.794694,-0.09864726,0.1722735,-0.801135,-0.08508737999999999
201,0.061532100000000006,0.3352835,-0.1928004,-0.09754395,0.1818205,-0.1120062,-0.2513175,0.175123,-0.329511,0.19397699999999998,0.172444,-0.08941014,0.3984645,0.15499249999999998,-0.271167,-0.1152375,0.3738725,-0.3305922,0.2810535,0.3522125,-0.3459024,-0.06646605,-0.24639199999999997,0.2917302,0.1159935,-0.25140799999999996,0.2943516,-0.14373450000000002,-0.3905355,-0.1393218,0.2199225,-0.39971249999999997,-0.1267248,-0.10766700000000001,-0.7927179999999999,-0.1036422,0.1743105,-0.7998905,-0.08866758000000001
202,0.0608496,0.3539225,-0.18478319999999998,-0.09797025000000001,0.194104,-0.1062024,-0.252294,0.19464549999999997,-0.32374800000000004,0.19356750000000003,0.1873115,-0.08439377999999999,0.3982755,0.173546,-0.2664036,-0.11683349999999999,0.39289149999999995,-0.3207696,0.2824395,0.371564,-0.3408738,-0.0660093,-0.24206000000000003,0.2860896,0.116445,-0.2467815,0.2888028,-0.147651,-0.3883695,-0.1420656,0.225687,-0.39863899999999997,-0.126429,-0.110817,-0.7905424999999999,-0.1076814,0.178101,-0.7989879999999999,-0.09202439999999999
203,0.06037815,0.372837,-0.1773372,-0.09839235,0.207176,-0.10098816000000001,-0.253176,0.21372149999999998,-0.31842360000000003,0.1933365,0.2019605,-0.07980378,0.39816,0.1924415,-0.26231340000000003,-0.118608,0.4118345,-0.31084500000000004,0.28333200000000003,0.3918465,-0.33283619999999997,-0.0655053,-0.236474,0.2796024,0.11647650000000001,-0.2407585,0.2823972,-0.152376,-0.3861845,-0.145044,0.23226000000000002,-0.397594,-0.1260924,-0.114513,-0.7883005,-0.1092522,0.182469,-0.7980095,-0.09457644
204,0.05975865,0.388227,-0.168708,-0.0988029,0.2228605,-0.09591569999999999,-0.2542155,0.2304415,-0.3126096,0.1931895,0.21684699999999998,-0.07520052,0.3980655,0.211831,-0.25842719999999997,-0.12027750000000001,0.4280415,-0.3018384,0.28465500000000005,0.412357,-0.3233706,-0.0651357,-0.22976699999999997,0.2718198,0.1165605,-0.2338995,0.275145,-0.156807,-0.3842465,-0.148665,0.2387385,-0.396758,-0.1261128,-0.11789400000000001,-0.786562,-0.11437259999999999,0.1871625,-0.7970974999999999,-0.09719682
205,0.0590226,0.405327,-0.15960960000000002,-0.0992082,0.23773749999999996,-0.0909126,-0.255465,0.24796899999999997,-0.3062754,0.19304250000000003,0.23341499999999998,-0.07062684,0.3979395,0.23293049999999998,-0.2544186,-0.12049800000000001,0.4454645,-0.29035320000000003,0.285957,0.4342355,-0.3124872,-0.06485955,-0.2228035,0.263466,0.116256,-0.22607149999999998,0.2671788,-0.15941100000000002,-0.3835625,-0.1522044,0.244293,-0.396017,-0.1268472,-0.12057150000000001,-0.785878,-0.1165554,0.1915725,-0.7964325,-0.10104528
206,0.058291800000000005,0.42356699999999997,-0.1505826,-0.09991275000000001,0.253061,-0.08560656,-0.256956,0.26597149999999997,-0.299676,0.19291650000000002,0.249698,-0.06601542,0.397824,0.250211,-0.24999180000000001,-0.121338,0.462118,-0.28231560000000006,0.286524,0.45407149999999996,-0.30134879999999997,-0.06485640000000001,-0.2153555,0.2545002,0.11566799999999999,-0.2180725,0.25858020000000004,-0.1613115,-0.38298299999999996,-0.1559784,0.24872400000000003,-0.395542,-0.1285914,-0.12346950000000001,-0.7853555,-0.121635,0.1960035,-0.7960809999999999,-0.10531499999999999
207,0.05854695000000001,0.44226299999999996,-0.1412598,-0.1008546,0.2686125,-0.08036478,-0.259077,0.284126,-0.29290320000000003,0.1930845,0.266551,-0.06138462,0.397803,0.2684985,-0.2452998,-0.12345900000000001,0.481802,-0.2737986,0.287343,0.474639,-0.2902104,-0.0650034,-0.2069575,0.2448,0.11501700000000001,-0.2091615,0.249135,-0.16233,-0.3825175,-0.1594566,0.252273,-0.395314,-0.129999,-0.126189,-0.7850325,-0.1272654,0.20023500000000002,-0.795853,-0.1095276
208,0.0586719,0.4598285,-0.1328652,-0.1019466,0.2852375,-0.07449672,-0.2607465,0.30588099999999996,-0.285906,0.193578,0.2834325,-0.056230560000000006,0.3978765,0.28709,-0.2400876,-0.125433,0.5025215000000001,-0.2647206,0.2865345,0.49386699999999994,-0.2801838,-0.06506640000000001,-0.19778049999999997,0.23902679999999998,0.11401950000000001,-0.19970899999999997,0.2450652,-0.16233,-0.3822325,-0.1594566,0.2535435,-0.394839,-0.1300194,-0.126966,-0.784852,-0.1318146,0.2028705,-0.7954445,-0.1124754
209,0.058633050000000006,0.4772705,-0.12467460000000001,-0.1030953,0.302784,-0.06805542,-0.2625735,0.326192,-0.2787966,0.1949325,0.29997199999999996,-0.0508062,0.39795,0.307553,-0.234294,-0.127785,0.521759,-0.2552856,0.2880045,0.5148145,-0.2698716,-0.06514095,-0.188043,0.2333046,0.1131795,-0.18979100000000002,0.2407608,-0.16233,-0.38191899999999995,-0.1594566,0.2538375,-0.3942405,-0.129999,-0.12740700000000002,-0.784624,-0.1356192,0.20475000000000002,-0.795283,-0.1135974
210,0.058437750000000004,0.4970494999999999,-0.116535,-0.10416210000000001,0.318858,-0.062485200000000005,-0.2645265,0.347453,-0.2715852,0.1962975,0.3165305,-0.04546344,0.398181,0.32828199999999996,-0.2281026,-0.1300635,0.542222,-0.2473194,0.287322,0.5355814999999999,-0.25829460000000004,-0.06562815000000001,-0.17650999999999997,0.22702139999999998,0.11259150000000001,-0.1781345,0.23527320000000002,-0.16233,-0.3818905,-0.1594566,0.2538375,-0.393775,-0.129999,-0.127575,-0.784624,-0.1388526,0.206052,-0.7952165,-0.11364840000000001
211,0.05810595,0.517674,-0.1082322,-0.10526250000000001,0.33571100000000004,-0.05634378,-0.26647950000000004,0.366909,-0.264384,0.19816650000000002,0.3321105,-0.03996666,0.39889500000000006,0.34839349999999997,-0.2222376,-0.1325625,0.562742,-0.23621160000000002,0.2869545,0.555693,-0.2460852,-0.0660891,-0.164502,0.22080960000000002,0.11229750000000001,-0.166212,0.229245,-0.16150050000000002,-0.38107349999999995,-0.15919139999999998,0.2536905,-0.3925305,-0.1281426,-0.1273545,-0.7841395,-0.141525,0.20601000000000003,-0.7943425,-0.1131384
212,0.0579306,0.537396,-0.09892164,-0.1064175,0.352621,-0.05004426,-0.26786550000000003,0.387657,-0.2562546,0.200109,0.348517,-0.03422916,0.3997875,0.36904649999999994,-0.21584219999999998,-0.133959,0.5831004999999999,-0.2253792,0.287868,0.57627,-0.23667059999999998,-0.0666876,-0.15280749999999999,0.21458760000000002,0.112266,-0.154907,0.2231964,-0.160125,-0.38022799999999995,-0.15820199999999998,0.253575,-0.391286,-0.1267452,-0.12726,-0.7836359999999999,-0.14268779999999998,0.20603100000000002,-0.7934779999999999,-0.1134138
213,0.05761455000000001,0.557669,-0.08920512000000001,-0.10745700000000001,0.366301,-0.043583580000000004,-0.268968,0.407892,-0.248013,0.201936,0.36489499999999997,-0.028613040000000003,0.4005435,0.39140949999999997,-0.20951820000000002,-0.13557600000000003,0.6035824999999999,-0.2143632,0.2880045,0.597892,-0.22695,-0.0670047,-0.141265,0.208488,0.112749,-0.143222,0.2171784,-0.15777300000000002,-0.3790975,-0.15700860000000003,0.2524095,-0.3899465,-0.1250724,-0.12724950000000002,-0.7828379999999999,-0.14291220000000002,0.2060415,-0.7926325,-0.1135974
214,0.05724495,0.5787495,-0.07887659999999999,-0.108465,0.3809405,-0.036732240000000006,-0.2700705,0.4312715,-0.2396796,0.2040675,0.37998099999999996,-0.02259504,0.402192,0.41275599999999996,-0.2034492,-0.137886,0.6263635,-0.206295,0.28846649999999996,0.6180605,-0.21841259999999998,-0.06663825,-0.12944699999999998,0.2022252,0.11328450000000001,-0.131727,0.2106606,-0.1543815,-0.3776155,-0.15576420000000002,0.2482095,-0.3882175,-0.123828,-0.127176,-0.7816695,-0.14308559999999998,0.20550600000000002,-0.791673,-0.1136382
215,0.05662230000000001,0.5994309999999999,-0.06825024,-0.10951500000000002,0.3959125,-0.030085920000000002,-0.271299,0.45381499999999997,-0.231183,0.206598,0.39525699999999997,-0.01638732,0.403809,0.43567,-0.1970538,-0.140679,0.6496955,-0.1959624,0.288708,0.640243,-0.2073252,-0.06617100000000001,-0.1173345,0.195585,0.11385150000000001,-0.11973800000000001,0.2036124,-0.150045,-0.3758865,-0.1539894,0.242592,-0.38603249999999995,-0.12300180000000001,-0.1263255,-0.7802254999999999,-0.142647,0.20414100000000002,-0.789925,-0.1137402
216,0.055748700000000005,0.619894,-0.05745762,-0.11088,0.410742,-0.023246819999999998,-0.27252750000000003,0.476729,-0.22236,0.208698,0.4107705,-0.0101643,0.4052685,0.45923949999999997,-0.18984240000000002,-0.1434195,0.673512,-0.1838652,0.28764750000000006,0.6625395,-0.1942488,-0.06563234999999999,-0.1054785,0.1889244,0.11454450000000001,-0.1076635,0.196554,-0.145824,-0.3741575,-0.1517556,0.2366175,-0.38565249999999995,-0.1219512,-0.1251075,-0.7788005,-0.14168820000000001,0.20240850000000002,-0.7898015,-0.1131384
217,0.054801600000000006,0.6400815,-0.04575822,-0.11233950000000001,0.4248115,-0.01712682,-0.27357750000000003,0.496128,-0.21376140000000002,0.21055650000000004,0.425733,-0.00435642,0.40647600000000006,0.482619,-0.182682,-0.14609700000000003,0.6949629999999999,-0.1723086,0.2879835,0.6849215,-0.1821006,-0.0651,-0.09367284999999999,0.1823556,0.1153635,-0.09536099999999999,0.1894242,-0.141204,-0.37200099999999997,-0.1493892,0.230265,-0.3850065,-0.12029880000000001,-0.1237845,-0.7769575,-0.1416066,0.2002455,-0.7893549999999999,-0.1130466
218,0.05389335,0.6601739999999999,-0.034540259999999996,-0.113925,0.43888099999999997,-0.01109862,-0.2741865,0.516857,-0.2045814,0.2119845,0.4401065,0.00125154,0.40761000000000003,0.5052575,-0.17540940000000002,-0.14909999999999998,0.7162715,-0.1612314,0.2874795,0.706838,-0.1701666,-0.0653814,-0.08163444999999998,0.17586839999999998,0.1157205,-0.08295399999999999,0.18225360000000002,-0.13671000000000003,-0.36958799999999997,-0.1467474,0.2242695,-0.3842655,-0.1184832,-0.122703,-0.7748484999999999,-0.141525,0.19811399999999998,-0.7877114999999999,-0.11295480000000001
219,0.05291055,0.67678,-0.02258178,-0.1155945,0.45252299999999995,-0.00522444,-0.2746695,0.5359995,-0.1960134,0.21337050000000002,0.45441349999999997,0.00691968,0.408429,0.5257015,-0.1676982,-0.15288000000000002,0.73644,-0.1510314,0.28598850000000003,0.726864,-0.1607724,-0.06574575,-0.0710163,0.1701768,0.1160565,-0.0720043,0.1761846,-0.1327305,-0.36958799999999997,-0.1441158,0.216237,-0.3839995,-0.1113738,-0.1218,-0.7748484999999999,-0.1395768,0.193074,-0.7860394999999999,-0.1050804
220,0.051632700000000004,0.6923315,-0.010302,-0.1171905,0.4647685,-0.00017646,-0.275835,0.5547145,-0.18744539999999998,0.214431,0.46722899999999995,0.011820780000000001,0.4087125,0.5467915,-0.1594974,-0.1561245,0.7554779999999999,-0.1434936,0.28623000000000004,0.7474314999999999,-0.1517658,-0.06622875,-0.06096529999999999,0.1647504,0.11620350000000002,-0.061647400000000005,0.1707786,-0.128919,-0.36958799999999997,-0.1414536,0.2086455,-0.3839995,-0.1041318,-0.12096,-0.775048,-0.1395054,0.18816,-0.7860394999999999,-0.09759666
221,0.0504273,0.7088709999999999,0.00102918,-0.11884950000000001,0.4771565,0.0047950200000000005,-0.2770005,0.575225,-0.1785408,0.2153445,0.478249,0.01635774,0.4085655,0.5672355,-0.15155159999999998,-0.15914850000000003,0.7772425000000001,-0.13498680000000002,0.2867865,0.7702125,-0.1405254,-0.0666855,-0.04974675,0.1576206,0.1161195,-0.050929499999999996,0.16354680000000002,-0.124803,-0.36958799999999997,-0.1377102,0.2014215,-0.384009,-0.09580248,-0.119511,-0.775048,-0.13642500000000002,0.18350850000000002,-0.7860679999999999,-0.08958354
222,0.04920405,0.7235389999999999,0.01168206,-0.1206555,0.48865149999999996,0.00973284,-0.27823950000000003,0.5944244999999999,-0.1697586,0.2161845,0.4882904999999999,0.02057238,0.408198,0.5856275000000001,-0.14334059999999998,-0.162561,0.7977719999999999,-0.1265106,0.2871015,0.7905139999999999,-0.13063139999999998,-0.06630645,-0.03880275,0.1466556,0.116382,-0.0406581,0.1526634,-0.11999400000000002,-0.36984449999999996,-0.12852,0.1946175,-0.38430349999999996,-0.08693154,-0.11668650000000001,-0.7753519999999999,-0.1294788,0.17937150000000002,-0.7864099999999999,-0.0823752
223,0.04803015,0.735908,0.021384300000000002,-0.122955,0.49991849999999993,0.0144279,-0.2794575,0.6104985,-0.161364,0.2173605,0.5013055,0.025246019999999997,0.40752600000000005,0.6037155,-0.1350684,-0.16655100000000003,0.8152805,-0.11635140000000001,0.28716450000000004,0.809704,-0.1202376,-0.0655053,-0.02650025,0.1312638,0.117138,-0.0284145,0.1359456,-0.1159725,-0.37887899999999997,-0.1174326,0.1872885,-0.39212199999999997,-0.07464768,-0.1139565,-0.7777555,-0.12300180000000001,0.17506649999999999,-0.7895639999999999,-0.07522806
224,0.04643205,0.747764,0.03053778,-0.125328,0.5101025,0.01866192,-0.28048649999999997,0.6266864999999999,-0.1532856,0.2182635,0.5129239999999999,0.0292383,0.4068645,0.620293,-0.1269594,-0.170268,0.8353539999999999,-0.107559,0.28741649999999996,0.8270795,-0.1132914,-0.0648291,-0.015654099999999997,0.1165656,0.117474,-0.0175864,0.1199418,-0.112497,-0.3874385,-0.1067328,0.180684,-0.40011149999999995,-0.06231792,-0.1116675,-0.78033,-0.1170858,0.171024,-0.792889,-0.06837468
225,0.04464915,0.758898,0.039246539999999996,-0.1276065,0.519935,0.02257974,-0.2808435,0.6421049999999999,-0.1456458,0.21879900000000002,0.522443,0.03282564,0.406266,0.6366044999999999,-0.11945220000000001,-0.1739955,0.8515799999999999,-0.1022448,0.2885925,0.844037,-0.1070694,-0.064323,-0.0053846,0.1022652,0.11740050000000002,-0.00774535,0.1044684,-0.109305,-0.396378,-0.09558420000000001,0.17392200000000002,-0.411825,-0.048997740000000005,-0.10948350000000001,-0.7833319999999999,-0.1112616,0.16703400000000002,-0.796423,-0.06177936
226,0.042852600000000005,0.768474,0.04714848,-0.12966450000000002,0.530157,0.026316,-0.281211,0.6574285,-0.1381896,0.2191875,0.530898,0.03584892,0.40517400000000003,0.6516905,-0.11244480000000001,-0.177261,0.8676349999999999,-0.09739266,0.289359,0.8601015,-0.10083006,-0.06360165000000001,0.00403465,0.08830038,0.1171485,0.001026,0.08930508000000001,-0.107394,-0.4084525,-0.08349720000000001,0.16796850000000002,-0.423966,-0.03607842,-0.10740450000000001,-0.786828,-0.10535580000000001,0.16356900000000002,-0.8003844999999999,-0.055413540000000004
227,0.0411621,0.776777,0.054040620000000004,-0.131565,0.5398375,0.0296718,-0.28175700000000004,0.671669,-0.1313352,0.219282,0.538365,0.03829896,0.403536,0.665342,-0.1055292,-0.1803795,0.8834239999999999,-0.09330654000000001,0.28984200000000004,0.87495,-0.09534959999999999,-0.06284355,0.012811699999999999,0.07423458,0.116676,0.00928245,0.07416318,-0.10563,-0.41625199999999996,-0.07109196,0.16226700000000002,-0.431737,-0.0233274,-0.1054515,-0.7905519999999999,-0.0995775,0.160167,-0.8049445,-0.04917114
228,0.039684750000000005,0.7851085,0.06008106,-0.13336050000000002,0.5490335000000001,0.032431919999999996,-0.282303,0.686128,-0.1245726,0.21925050000000001,0.5455185,0.04052256,0.40163550000000003,0.6785945,-0.09893286,-0.18247950000000002,0.898928,-0.08831058,0.2903775,0.8919265,-0.08789237999999999,-0.06301995,0.02126195,0.05990664,0.115395,0.01709525,0.058821359999999996,-0.10444455000000001,-0.42890599999999995,-0.05852556,0.159117,-0.4427475,-0.014906280000000001,-0.10336935000000001,-0.794561,-0.09399096,0.1596,-0.8097135,-0.04894776000000001
229,0.03843105,0.7916825,0.0649842,-0.135135,0.55803,0.0350319,-0.2819145,0.7005585,-0.118014,0.21924000000000002,0.552406,0.0427176,0.39929400000000004,0.6907165,-0.09304134000000001,-0.1845795,0.9142229999999999,-0.08475996000000001,0.291165,0.9069459999999999,-0.0818856,-0.063672,0.0292581,0.04525638,0.1140825,0.024442549999999997,0.04304298,-0.10378305,-0.4422345,-0.04549506,0.15606150000000002,-0.4545655,-0.006588180000000001,-0.1016652,-0.7990735,-0.08881854,0.159054,-0.8151095,-0.048989580000000005
230,0.03719310000000001,0.795948,0.07035348,-0.1367835,0.565801,0.03716166,-0.28111650000000005,0.7119395,-0.11284260000000002,0.21906150000000002,0.55936,0.044879999999999996,0.3964905,0.701765,-0.08746908,-0.18665850000000003,0.9270005,-0.08294334,0.29166900000000007,0.9174625,-0.07905612000000001,-0.06373290000000001,0.0348669,0.03274404,0.11359949999999999,0.0301891,0.02911794,-0.10373160000000001,-0.45604749999999994,-0.033525360000000004,0.15315299999999998,-0.4626215,0.00065484,-0.10037265000000001,-0.8040704999999999,-0.08544438,0.1584135,-0.81643,-0.047518740000000004
231,0.03592155,0.79914,0.07534026,-0.1382955,0.5723275,0.03909762,-0.279909,0.723159,-0.1076814,0.2188935,0.5660955,0.04696284,0.39334050000000004,0.7118635,-0.08204472,-0.18868500000000002,0.9403765,-0.08219058,0.292509,0.927561,-0.07710588,-0.0639471,0.0392141,0.02479518,0.11268600000000001,0.0349562,0.019352460000000002,-0.10425345000000001,-0.463391,-0.02708304,0.150444,-0.47362249999999995,0.00717876,-0.10040835000000001,-0.8067685,-0.08499252,0.157878,-0.8200875,-0.04817868
232,0.03466155,0.801743,0.08099208000000001,-0.13933500000000001,0.5780085,0.0407541,-0.27768299999999996,0.7334475,-0.10225500000000001,0.2187885,0.568461,0.04818684,0.390033,0.7206035,-0.07673052,-0.18795,0.95304,-0.08213448,0.293391,0.9372415,-0.07703754,-0.06453510000000001,0.0411046,0.02142102,0.111195,0.036499949999999996,0.01581306,-0.10456845000000001,-0.468426,-0.023186639999999998,0.14873250000000002,-0.478287,0.010061279999999999,-0.1004199,-0.8086874999999999,-0.08485584,0.157584,-0.8232415,-0.04967196
