clip,score_rescaled,good_probability
A100_kinect,3.345135,0.9775
A101_kinect,2.899901,0.9666
A102_kinect,2.994174,0.9711
A103_kinect,3.505554,0.9688
A104_kinect,2.871815,0.9672
A105_kinect,3.215507,0.9779
A106_kinect,2.384062,0.9236
A108_kinect,2.028365,0.7561
A109_kinect,2.313876,0.713
A10_kinect,0.781042,0.9549
A110_kinect,2.926663,0.9427
A111_kinect,2.971257,0.8956
A112_kinect,2.811066,0.9015
A115_kinect,2.9821,0.926
A116_kinect,3.531549,0.9732
A117_kinect,3.210071,0.84
A118_kinect,2.142624,0.9512
A119_kinect,1.923032,0.9529
A11_kinect,1.138445,0.9679
A120_kinect,2.240992,0.9282
A121_kinect,3.318684,0.8986
A122_kinect,3.141577,0.5701
A123_kinect,1.716242,0.9197
A124_kinect,2.254745,0.9665
A125_kinect,2.155296,0.6073
A126_kinect,1.351078,0.9792
A127_kinect,1.572074,0.9752
A128_kinect,1.105617,0.9701
A129_kinect,1.100057,0.9754
A12_kinect,1.513156,0.9618
A130_kinect,1.516654,0.9719
A131_kinect,1.515411,0.9667
A132_kinect,1.251718,0.9693
A133_kinect,1.757203,0.9706
A134_kinect,1.490712,0.9687
A135_kinect,1.893124,0.9692
A136_kinect,1.551273,0.9654
A137_kinect,0.867814,0.9674
A138_kinect,1.097138,0.9642
A139_kinect,0.753136,0.9669
A13_kinect,0.980863,0.9156
A140_kinect,1.419925,0.9159
A141_kinect,1.330541,0.9544
A142_kinect,1.057791,0.9389
A143_kinect,0.999268,0.9152
A144_kinect,1.172791,0.9192
A145_kinect,2.050851,0.9231
A146_kinect,1.254569,0.9082
A147_kinect,1.240061,0.9376
A148_kinect,1.357286,0.8991
A149_kinect,3.076539,0.92
A14_kinect,1.812788,0.9191
A150_kinect,2.644308,0.9758
A151_kinect,1.747601,0.9573
A152_kinect,2.21872,0.899
A153_kinect,2.587053,0.7688
A154_kinect,1.238054,0.9566
A155_kinect,1.521815,0.7739
A156_kinect,2.743007,0.9666
A157_kinect,1.78557,0.9536
A158_kinect,2.638604,0.9527
A159_kinect,2.533016,0.9462
A15_kinect,1.242737,0.9334
A16_kinect,0.731647,0.9599
A17_kinect,1.247671,0.9496
A18_kinect,0.72968,0.9531
A19_kinect,1.687446,0.9634
A20_kinect,1.851055,0.9589
A21_kinect,1.325,0.93
A22_kinect,0.646539,0.9542
A23_kinect,1.414037,0.9625
A24_kinect,0.0,0.959
A25_kinect,0.981198,0.9666
A26_kinect,1.30778,0.9453
A27_kinect,1.126408,0.9519
A28_kinect,0.968288,0.9729
A29_kinect,1.370146,0.9606
A2_kinect,1.031166,0.9579
A30_kinect,0.475864,0.9489
A31_kinect,0.294597,0.9546
A32_kinect,1.315087,0.9637
A33_kinect,1.6148,0.9658
A34_kinect,1.603904,0.9599
A35_kinect,2.268266,0.9725
A36_kinect,1.615192,0.9658
A37_kinect,1.152403,0.969
A38_kinect,0.975896,0.9152
A39_kinect,2.741754,0.9004
A3_kinect,1.80279,0.9594
A40_kinect,1.408237,0.6371
A41_kinect,1.385053,0.9633
A42_kinect,1.51559,0.9557
A43_kinect,1.421066,0.954
A44_kinect,3.076726,0.9677
A45_kinect,2.602775,0.9571
A46_kinect,1.901279,0.7984
A47_kinect,2.265626,0.9641
A48_kinect,2.040545,0.918
A49_kinect,2.278843,0.5062
A4_kinect,1.433507,0.9441
A50_kinect,2.028099,0.8509
A51_kinect,2.0754,0.8524
A52_kinect,2.834581,0.6509
A55_kinect,2.961898,0.5387
A56_kinect,2.271822,0.7082
A57_kinect,2.384833,0.9122
A58_kinect,2.944502,0.708
A59_kinect,2.799911,0.5057
A5_kinect,0.038691,0.9567
A61_kinect,1.757502,0.9273
A62_kinect,2.864565,0.8614
A63_kinect,1.686473,0.9525
A64_kinect,2.918059,0.9455
A65_kinect,3.068461,0.929
A66_kinect,2.85399,0.9506
A67_kinect,2.767164,0.9081
A68_kinect,2.995145,0.8841
A69_kinect,3.058153,0.9392
A6_kinect,0.800334,0.9517
A70_kinect,2.057554,0.9499
A71_kinect,2.790167,0.8247
A72_kinect,2.416113,0.5233
A74_kinect,1.623721,0.9384
A75_kinect,1.80899,0.9188
A78_kinect,3.521881,0.9336
A79_kinect,2.783191,0.7367
A7_kinect,0.80455,0.9518
A80_kinect,2.287865,0.8977
A81_kinect,2.698544,0.9785
A82_kinect,2.587088,0.8373
A83_kinect,2.840485,0.8912
A84_kinect,1.716574,0.5483
A85_kinect,2.47209,0.8184
A86_kinect,2.013803,0.9777
A87_kinect,2.897675,0.9751
A88_kinect,2.872328,0.7985
A89_kinect,2.790146,0.8884
A8_kinect,1.108636,0.9569
A90_kinect,2.46511,0.6894
A91_kinect,2.733101,0.9436
A92_kinect,2.778626,0.8448
A93_kinect,1.49104,0.9669
A94_kinect,2.598823,0.9634
A95_kinect,2.313976,0.8386
A96_kinect,2.01614,0.9145
A97_kinect,3.484983,0.849
A98_kinect,2.217537,0.9096
A99_kinect,3.283313,0.9623
A9_kinect,1.386389,0.9619
B10_kinect,1.49109,0.9697
B11_kinect,1.094415,0.9678
B12_kinect,0.516662,0.9693
B13_kinect,0.897532,0.9681
B14_kinect,1.523758,0.9669
B15_kinect,1.251572,0.9659
B16_kinect,0.977059,0.965
B17_kinect,1.38958,0.9683
B18_kinect,1.206535,0.9643
B19_kinect,0.564955,0.9665
B1_kinect,2.456286,0.9674
B20_kinect,1.362072,0.9685
B21_kinect,1.418573,0.9665
B22_kinect,1.198862,0.9672
B2_kinect,4.0,0.8259
B3_kinect,3.414489,0.8021
B5_kinect,2.820563,0.9142
B6_kinect,1.394739,0.9688
B7_kinect,0.932184,0.9684
B8_kinect,1.345632,0.9703
B9_kinect,1.054197,0.969
A1_kinect,0.0,0.9612
